\connect jazminesa

DROP DATABASE IF EXISTS music_collection;
CREATE DATABASE music_collection;

\connect music_collection;

DROP TABLE IF EXISTS artists;
CREATE TABLE artists (
  name varchar(100) NOT NULL,
  genre varchar(100) NOT NULL,
  record_label varchar(100),
  PRIMARY KEY (name)
);

INSERT INTO artists (name, genre, record_label) VALUES
  ('Billie Eilish', 'Dark Pop', 'Interscope Records'),
  ('FINNEAS', 'Alt Pop', 'AWAL'),
  ('Hollywood Undead', 'Rap Rock', 'A&M Octone Records'),
  ('Juice WRLD', 'Hip Hop', 'Interscope Records'),
  ('Lady Gaga', 'Pop', 'Interscope Records'),
  ('Post Malone', 'Hip Hop', 'Republic Records'),
  ('Melanie Martinez', 'Indie Pop', 'Atlantic Records'),
  ('Travis Scott', 'Hip Hop', 'Grand Hustle Records'),
  ('Sam Smith', 'Pop', 'Capitol Records'),
  ('Tyler the Creator', 'Alt Hip Hop', 'Columbia Records')
;

DROP TABLE IF EXISTS valid_media_type;
CREATE TABLE valid_media_type (
  mtype text PRIMARY KEY NOT NULL
);

INSERT INTO valid_media_type (mtype) VALUES
  ('album'),
  ('ep'),
  ('song')
;

DROP TABLE IF EXISTS music_catalog;
CREATE TABLE music_catalog (
  id serial NOT NULL UNIQUE,
  artist varchar(100) NOT NULL,
  media_type text REFERENCES valid_media_type (mtype),
  song_title varchar(100) NOT NULL DEFAULT '',
  album_title varchar(100) NOT NULL DEFAULT '',
  release_year varchar(4) DEFAULT NULL,
  PRIMARY KEY (id, artist, song_title),
  CONSTRAINT music_cat_idx FOREIGN KEY (artist) REFERENCES artists (name) ON DELETE CASCADE ON UPDATE CASCADE
);

INSERT INTO music_catalog (artist, media_type, song_title, album_title, release_year) VALUES
  ('Billie Eilish', 'song', 'Six Feet Under', '', 2016),
  ('Billie Eilish', 'ep', '', 'Don''t Smile at Me', 2017),
  ('Billie Eilish', 'song', 'ocean eyes', 'Don''t Smile at Me', 2016),
  ('Billie Eilish', 'song', 'bellyache', 'Don''t Smile at Me', 2017),
  ('Billie Eilish', 'song', 'watch', 'Don''t Smile at Me', 2017),
  ('Billie Eilish', 'song', 'COPYCAT', 'Don''t Smile at Me', 2017),
  ('Billie Eilish', 'song', 'idontwannabeyouanymore', 'Don''t Smile at Me', 2017),
  ('Billie Eilish', 'song', 'hostage', 'Don''t Smile at Me', 2017),
  ('Billie Eilish', 'song', 'party favor', 'Don''t Smile at Me', 2017),
  ('Billie Eilish', 'song', 'my boy', 'Don''t Smile at Me', 2017),
  ('Billie Eilish', 'song', '&burn', 'Don''t Smile at Me', 2017),
  ('Billie Eilish', 'song', 'Bored', '', 2017),
  ('Billie Eilish', 'song', 'bitches broken hearts', '', 2018),
  ('Billie Eilish', 'song', 'lovely', '', 2018),
  ('Billie Eilish', 'song', 'come out and play', '', 2018),
  ('Billie Eilish', 'song', 'WHEN I WAS OLDER', '', 2019),
  ('Billie Eilish', 'album', '', 'WHEN WE ALL FALL ASLEEP, WHERE DO WE GO?', 2019),
  ('Billie Eilish', 'song', '!!!!!!!', 'WHEN WE ALL FALL ASLEEP, WHERE DO WE GO?', 2019),
  ('Billie Eilish', 'song', 'bad guy', 'WHEN WE ALL FALL ASLEEP, WHERE DO WE GO?', 2019),
  ('Billie Eilish', 'song', 'xanny', 'WHEN WE ALL FALL ASLEEP, WHERE DO WE GO?', 2019),
  ('Billie Eilish', 'song', 'you should see me in a crown', 'WHEN WE ALL FALL ASLEEP, WHERE DO WE GO?', 2019),
  ('Billie Eilish', 'song', 'all the good girls go to hell', 'WHEN WE ALL FALL ASLEEP, WHERE DO WE GO?', 2019),
  ('Billie Eilish', 'song', 'wish you were gay', 'WHEN WE ALL FALL ASLEEP, WHERE DO WE GO?', 2019),
  ('Billie Eilish', 'song', 'when the party''s over', 'WHEN WE ALL FALL ASLEEP, WHERE DO WE GO?', 2019),
  ('Billie Eilish', 'song', '8', 'WHEN WE ALL FALL ASLEEP, WHERE DO WE GO?', 2019),
  ('Billie Eilish', 'song', 'my strange addiction', 'WHEN WE ALL FALL ASLEEP, WHERE DO WE GO?', 2019),
  ('Billie Eilish', 'song', 'bury a friend', 'WHEN WE ALL FALL ASLEEP, WHERE DO WE GO?', 2019),
  ('Billie Eilish', 'song', 'ilomilo', 'WHEN WE ALL FALL ASLEEP, WHERE DO WE GO?', 2019),
  ('Billie Eilish', 'song', 'listen before i go', 'WHEN WE ALL FALL ASLEEP, WHERE DO WE GO?', 2019),
  ('Billie Eilish', 'song', 'i love you', 'WHEN WE ALL FALL ASLEEP, WHERE DO WE GO?', 2019),
  ('Billie Eilish', 'song', 'goodbye', 'WHEN WE ALL FALL ASLEEP, WHERE DO WE GO?', 2019),
  ('Billie Eilish', 'song', 'everything i wanted', '', 2019),
  ('Billie Eilish', 'song', 'No Time To Die', '', 2020),
  ('Billie Eilish', 'song', 'my future', '', 2020),
  ('Billie Eilish', 'song', 'Therefore I Am', '', 2020),
  ('Billie Eilish', 'song', 'Lo Vas A Olvidar', '', 2021),
  ('FINNEAS', 'song', 'New Girl', '', 2016),
  ('FINNEAS', 'song', 'I''m in Love Without You', '', 2017),
  ('FINNEAS', 'song', 'Heaven', '', 2018),
  ('FINNEAS', 'song', 'Life Moves On', '', 2018),
  ('FINNEAS', 'song', 'Landmine', '', 2018),
  ('FINNEAS', 'song', 'Hollywood Forever', '', 2018),
  ('FINNEAS', 'song', 'College', '', 2018),
  ('FINNEAS', 'song', 'Luck Pusher', '', 2018),
  ('FINNEAS', 'song', 'Claudia', '', 2019),
  ('FINNEAS', 'song', 'Angel', '', 2019),
  ('FINNEAS', 'ep', '', 'Blood Harmony', 2019),
  ('FINNEAS', 'song', 'I Lost a Friend', 'Blood Harmony', 2019),
  ('FINNEAS', 'song', 'Shelter', 'Blood Harmony', 2019),
  ('FINNEAS', 'song', 'Lost My Mind', 'Blood Harmony', 2019),
  ('FINNEAS', 'song', 'I Don''t Miss You at All', 'Blood Harmony', 2019),
  ('FINNEAS', 'song', 'Partners in Crime', 'Blood Harmony', 2019),
  ('FINNEAS', 'song', 'Let''s Fall in Love for the Night', 'Blood Harmony', 2019),
  ('FINNEAS', 'song', 'Die Alone', 'Blood Harmony', 2019),
  ('FINNEAS', 'album', '', 'Blood Harmony (Deluxe)', 2020),
  ('FINNEAS', 'song', 'Break My Heart Again', 'Blood Harmony (Deluxe)', 2020),
  ('FINNEAS', 'song', 'Let''s Fall in Love for the Night (1964)', 'Blood Harmony (Deluxe)', 2020),
  ('FINNEAS', 'song', 'Can''t Wait To Be Dead', '', 2020),
  ('FINNEAS', 'song', 'Where the Poison Is', '', 2020),
  ('FINNEAS', 'song', 'Another Year', '', 2020),
  ('FINNEAS', 'song', 'American Cliché', '', 2021),
  ('FINNEAS', 'song', 'Till Forever Falls Apart', '', 2021),
  ('Hollywood Undead', 'album', '', 'Swan Songs', 2008),
  ('Hollywood Undead', 'song', 'Undead', 'Swan Songs', 2008),
  ('Hollywood Undead', 'song', 'Sell Your Soul', 'Swan Songs', 2008),
  ('Hollywood Undead', 'song', 'Everywhere I Go', 'Swan Songs', 2008),
  ('Hollywood Undead', 'song', 'No Other Place', 'Swan Songs', 2008),
  ('Hollywood Undead', 'song', 'No. 5', 'Swan Songs', 2008),
  ('Hollywood Undead', 'song', 'Young', 'Swan Songs', 2008),
  ('Hollywood Undead', 'song', 'Black Dahlia', 'Swan Songs', 2008),
  ('Hollywood Undead', 'song', 'This Love, This Hate', 'Swan Songs', 2008),
  ('Hollywood Undead', 'song', 'Bottle and a Gun', 'Swan Songs', 2008),
  ('Hollywood Undead', 'song', 'California', 'Swan Songs', 2008),
  ('Hollywood Undead', 'song', 'City', 'Swan Songs', 2008),
  ('Hollywood Undead', 'song', 'The Diary', 'Swan Songs', 2008),
  ('Hollywood Undead', 'song', 'Pimpin''', 'Swan Songs', 2008),
  ('Hollywood Undead', 'song', 'Paradise Lost', 'Swan Songs', 2008),
  ('Hollywood Undead', 'song', 'Christmas in Hollywood', '', 2008),
  ('Hollywood Undead', 'album', '', 'American Tragedy', 2011),
  ('Hollywood Undead', 'song', 'Been to Hell', 'American Tragedy', 2011),
  ('Hollywood Undead', 'song', 'Apologize', 'American Tragedy', 2011),
  ('Hollywood Undead', 'song', 'Comin'' in Hot', 'American Tragedy', 2011),
  ('Hollywood Undead', 'song', 'My Town', 'American Tragedy', 2011),
  ('Hollywood Undead', 'song', 'I Don''t Wanna Die', 'American Tragedy', 2011),
  ('Hollywood Undead', 'song', 'Hear Me Now', 'American Tragedy', 2011),
  ('Hollywood Undead', 'song', 'Gangsta Sexy', 'American Tragedy', 2011),
  ('Hollywood Undead', 'song', 'Glory', 'American Tragedy', 2011),
  ('Hollywood Undead', 'song', 'Lights Out', 'American Tragedy', 2011),
  ('Hollywood Undead', 'song', 'Coming Back Down', 'American Tragedy', 2011),
  ('Hollywood Undead', 'song', 'Bullet', 'American Tragedy', 2011),
  ('Hollywood Undead', 'song', 'Levitate', 'American Tragedy', 2011),
  ('Hollywood Undead', 'song', 'Pour Me', 'American Tragedy', 2011),
  ('Hollywood Undead', 'song', 'Tendencies', 'American Tragedy', 2011),
  ('Hollywood Undead', 'album', '', 'American Tragedy (Deluxe)', 2011),
  ('Hollywood Undead', 'song', 'Mother Murder', 'American Tragedy (Deluxe)', 2011),
  ('Hollywood Undead', 'song', 'Lump Your Head', 'American Tragedy (Deluxe)', 2011),
  ('Hollywood Undead', 'song', 'Le Deux', 'American Tragedy (Deluxe)', 2011),
  ('Hollywood Undead', 'song', 'S.C.A.V.A.', 'American Tragedy (Deluxe)', 2011),
  ('Hollywood Undead', 'album', '', 'Notes from the Underground', 2013),
  ('Hollywood Undead', 'song', 'Dead Bite', 'Notes from the Underground', 2013),
  ('Hollywood Undead', 'song', 'From the Ground', 'Notes from the Underground', 2013),
  ('Hollywood Undead', 'song', 'Another Way Out', 'Notes from the Underground', 2013),
  ('Hollywood Undead', 'song', 'Lion', 'Notes from the Underground', 2013),
  ('Hollywood Undead', 'song', 'We Are', 'Notes from the Underground', 2013),
  ('Hollywood Undead', 'song', 'Pigskin', 'Notes from the Underground', 2013),
  ('Hollywood Undead', 'song', 'Rain', 'Notes from the Underground', 2013),
  ('Hollywood Undead', 'song', 'Kill Everyone', 'Notes from the Underground', 2013),
  ('Hollywood Undead', 'song', 'Believe', 'Notes from the Underground', 2013),
  ('Hollywood Undead', 'song', 'Up in Smoke', 'Notes from the Underground', 2013),
  ('Hollywood Undead', 'song', 'Outside', 'Notes from the Underground', 2013),
  ('Hollywood Undead', 'album', '', 'Notes from the Underground - Unabridged (Deluxe)', 2013),
  ('Hollywood Undead', 'song', 'Medicine', 'Notes from the Underground - Unabridged (Deluxe)', 2013),
  ('Hollywood Undead', 'song', 'One More Bottle', 'Notes from the Underground - Unabridged (Deluxe)', 2013),
  ('Hollywood Undead', 'song', 'Delish', 'Notes from the Underground - Unabridged (Deluxe)', 2013),
  ('Hollywood Undead', 'album', '', 'Day of the Dead', 2015),
  ('Hollywood Undead', 'song', 'Usual Suspects', 'Day of the Dead', 2015),
  ('Hollywood Undead', 'song', 'How We Roll', 'Day of the Dead', 2015),
  ('Hollywood Undead', 'song', 'Day of the Dead', 'Day of the Dead', 2015),
  ('Hollywood Undead', 'song', 'War Child', 'Day of the Dead', 2015),
  ('Hollywood Undead', 'song', 'Dark Places', 'Day of the Dead', 2015),
  ('Hollywood Undead', 'song', 'Take Me Home', 'Day of the Dead', 2015),
  ('Hollywood Undead', 'song', 'Gravity', 'Day of the Dead', 2015),
  ('Hollywood Undead', 'song', 'Does Everybody in the World Have to Die', 'Day of the Dead', 2015),
  ('Hollywood Undead', 'song', 'Disease', 'Day of the Dead', 2015),
  ('Hollywood Undead', 'song', 'Party by Myself', 'Day of the Dead', 2015),
  ('Hollywood Undead', 'song', 'Live Forever', 'Day of the Dead', 2015),
  ('Hollywood Undead', 'song', 'Save Me', 'Day of the Dead', 2015),
  ('Hollywood Undead', 'album', '', 'Day of the Dead (Deluxe Version)', 2015),
  ('Hollywood Undead', 'song', 'Guzzle, Guzzle', 'Day of the Dead (Deluxe Version)', 2015),
  ('Hollywood Undead', 'song', 'I''ll Be There', 'Day of the Dead (Deluxe Version)', 2015),
  ('Hollywood Undead', 'song', 'Let Go', 'Day of the Dead (Deluxe Version)', 2015),
  ('Hollywood Undead', 'album', '', 'Five', 2017),
  ('Hollywood Undead', 'song', 'California Dreaming', 'Five', 2017),
  ('Hollywood Undead', 'song', 'Whatever It Takes', 'Five', 2017),
  ('Hollywood Undead', 'song', 'Bad Moon', 'Five', 2017),
  ('Hollywood Undead', 'song', 'Ghost Beach', 'Five', 2017),
  ('Hollywood Undead', 'song', 'Broken Record', 'Five', 2017),
  ('Hollywood Undead', 'song', 'Nobody''s Watching', 'Five', 2017),
  ('Hollywood Undead', 'song', 'Renegade', 'Five', 2017),
  ('Hollywood Undead', 'song', 'Black Cadillac', 'Five', 2017),
  ('Hollywood Undead', 'song', 'Pray (Put ''Em in the Dirt)', 'Five', 2017),
  ('Hollywood Undead', 'song', 'Cashed Out', 'Five', 2017),
  ('Hollywood Undead', 'song', 'Riot', 'Five', 2017),
  ('Hollywood Undead', 'song', 'We Own the Night', 'Five', 2017),
  ('Hollywood Undead', 'song', 'Bang Bang', 'Five', 2017),
  ('Hollywood Undead', 'song', 'Your Life', 'Five', 2017),
  ('Hollywood Undead', 'ep', '', 'Psalms', 2018),
  ('Hollywood Undead', 'song', 'Bloody Nose', 'Psalms', 2018),
  ('Hollywood Undead', 'song', 'Live Fast Die Young', 'Psalms', 2018),
  ('Hollywood Undead', 'song', 'Something to Believe', 'Psalms', 2018),
  ('Hollywood Undead', 'song', 'Another Level', 'Psalms', 2018),
  ('Hollywood Undead', 'song', 'Gotta Let Go', 'Psalms', 2018),
  ('Hollywood Undead', 'album', '', 'New Empire Vol. 1', 2020),
  ('Hollywood Undead', 'song', 'Time Bomb', 'New Empire Vol. 1', 2020),
  ('Hollywood Undead', 'song', 'Heart of a Champion', 'New Empire Vol. 1', 2020),
  ('Hollywood Undead', 'song', 'Already Dead', 'New Empire Vol. 1', 2020),
  ('Hollywood Undead', 'song', 'Empire', 'New Empire Vol. 1', 2020),
  ('Hollywood Undead', 'song', 'Killin'' It', 'New Empire Vol. 1', 2020),
  ('Hollywood Undead', 'song', 'Enemy', 'New Empire Vol. 1', 2020),
  ('Hollywood Undead', 'song', 'Upside Down', 'New Empire Vol. 1', 2020),
  ('Hollywood Undead', 'song', 'Second Chances', 'New Empire Vol. 1', 2020),
  ('Hollywood Undead', 'song', 'Nightmare', 'New Empire Vol. 1', 2020),
  ('Hollywood Undead', 'album', '', 'New Empire Vol. 2', 2020),
  ('Hollywood Undead', 'song', 'Medicate', 'New Empire Vol. 2', 2020),
  ('Hollywood Undead', 'song', 'Comin'' Thru the Stereo', 'New Empire Vol. 2', 2020),
  ('Hollywood Undead', 'song', 'Ghost Out', 'New Empire Vol. 2', 2020),
  ('Hollywood Undead', 'song', 'Gonna Be OK', 'New Empire Vol. 2', 2020),
  ('Hollywood Undead', 'song', 'Monsters', 'New Empire Vol. 2', 2020),
  ('Hollywood Undead', 'song', 'Idol', 'New Empire Vol. 2', 2020),
  ('Hollywood Undead', 'song', 'Coming Home', 'New Empire Vol. 2', 2020),
  ('Hollywood Undead', 'song', 'Unholy', 'New Empire Vol. 2', 2020),
  ('Hollywood Undead', 'song', 'Worth It', 'New Empire Vol. 2', 2020),
  ('Juice WRLD', 'song', 'Roses', '', 2018),
  ('Juice WRLD', 'song', 'Rich And Blind', '', 2018),
  ('Juice WRLD', 'song', 'Legends', '', 2018),
  ('Juice WRLD', 'album', '', 'Goodbye & Good Riddance', 2018),
  ('Juice WRLD', 'song', 'Intro', 'Goodbye & Good Riddance', 2018),
  ('Juice WRLD', 'song', 'All Girls Are The Same', 'Goodbye & Good Riddance', 2018),
  ('Juice WRLD', 'song', 'Lucid Dreams', 'Goodbye & Good Riddance', 2018),
  ('Juice WRLD', 'song', 'Wasted', 'Goodbye & Good Riddance', 2018),
  ('Juice WRLD', 'song', 'Armed And Dangerous', 'Goodbye & Good Riddance', 2018),
  ('Juice WRLD', 'song', 'Black & White', 'Goodbye & Good Riddance', 2018),
  ('Juice WRLD', 'song', 'Lean Wit Me', 'Goodbye & Good Riddance', 2018),
  ('Juice WRLD', 'song', 'I''ll Be Fine', 'Goodbye & Good Riddance', 2018),
  ('Juice WRLD', 'song', 'Used To', 'Goodbye & Good Riddance', 2018),
  ('Juice WRLD', 'song', 'Candles', 'Goodbye & Good Riddance', 2018),
  ('Juice WRLD', 'song', 'Scared Of Love', 'Goodbye & Good Riddance', 2018),
  ('Juice WRLD', 'song', 'Hurt Me', 'Goodbye & Good Riddance', 2018),
  ('Juice WRLD', 'song', 'I''m Still', 'Goodbye & Good Riddance', 2018),
  ('Juice WRLD', 'song', 'End Of The Road', 'Goodbye & Good Riddance', 2018),
  ('Juice WRLD', 'song', 'Long Gone', 'Goodbye & Good Riddance', 2018),
  ('Juice WRLD', 'song', 'Betrayal - Skit', 'Goodbye & Good Riddance', 2018),
  ('Juice WRLD', 'song', 'Karma - Skit', 'Goodbye & Good Riddance', 2018),
  ('Juice WRLD', 'song', 'Without Me', '', 2019),
  ('Juice WRLD', 'album', '', 'Death Race For Love', 2019),
  ('Juice WRLD', 'song', 'Empty', 'Death Race For Love', 2019),
  ('Juice WRLD', 'song', 'Maze', 'Death Race For Love', 2019),
  ('Juice WRLD', 'song', 'HeMotions', 'Death Race For Love', 2019),
  ('Juice WRLD', 'song', 'Demonz', 'Death Race For Love', 2019),
  ('Juice WRLD', 'song', 'Fast', 'Death Race For Love', 2019),
  ('Juice WRLD', 'song', 'Hear Me Calling', 'Death Race For Love', 2019),
  ('Juice WRLD', 'song', 'Big', 'Death Race For Love', 2019),
  ('Juice WRLD', 'song', 'Robbery', 'Death Race For Love', 2019),
  ('Juice WRLD', 'song', 'Flaws And Sins', 'Death Race For Love', 2019),
  ('Juice WRLD', 'song', 'Feeling', 'Death Race For Love', 2019),
  ('Juice WRLD', 'song', 'Syphilis', 'Death Race For Love', 2019),
  ('Juice WRLD', 'song', 'Who Shot Cupid?', 'Death Race For Love', 2019),
  ('Juice WRLD', 'song', 'Ring Ring', 'Death Race For Love', 2019),
  ('Juice WRLD', 'song', 'Desire', 'Death Race For Love', 2019),
  ('Juice WRLD', 'song', 'Out My Way', 'Death Race For Love', 2019),
  ('Juice WRLD', 'song', 'The Bees Knees', 'Death Race For Love', 2019),
  ('Juice WRLD', 'song', 'ON GOD', 'Death Race For Love', 2019),
  ('Juice WRLD', 'song', '10 Feet', 'Death Race For Love', 2019),
  ('Juice WRLD', 'song', 'Won''t Let Go', 'Death Race For Love', 2019),
  ('Juice WRLD', 'song', 'She''s The One', 'Death Race For Love', 2019),
  ('Juice WRLD', 'song', 'Rider', 'Death Race For Love', 2019),
  ('Juice WRLD', 'song', 'Make Believe', 'Death Race For Love', 2019),
  ('Juice WRLD', 'song', 'All Night', '', 2019),
  ('Juice WRLD', 'song', 'Hate Me', '', 2019),
  ('Juice WRLD', 'song', 'Graduation', '', 2019),
  ('Juice WRLD', 'song', 'Bandit', '', 2019),
  ('Juice WRLD', 'song', 'Let Me Know (I Wonder Why Freestyle)', '', 2019),
  ('Juice WRLD', 'song', 'Suicidal (Remix)', '', 2020),
  ('Juice WRLD', 'song', 'No Me Ame', '', 2020),
  ('Juice WRLD', 'album', '', 'Legends Never Die', 2020),
  ('Juice WRLD', 'song', 'Anxiety - Intro', 'Legends Never Die', 2020),
  ('Juice WRLD', 'song', 'Conversations', 'Legends Never Die', 2020),
  ('Juice WRLD', 'song', 'Titanic', 'Legends Never Die', 2020),
  ('Juice WRLD', 'song', 'Bad Energy', 'Legends Never Die', 2020),
  ('Juice WRLD', 'song', 'Righteous', 'Legends Never Die', 2020),
  ('Juice WRLD', 'song', 'Blood On My Jeans', 'Legends Never Die', 2020),
  ('Juice WRLD', 'song', 'Smile', 'Legends Never Die', 2020),
  ('Juice WRLD', 'song', 'Tell Me U Luv Me', 'Legends Never Die', 2020),
  ('Juice WRLD', 'song', 'Hate The Other Side', 'Legends Never Die', 2020),
  ('Juice WRLD', 'song', 'Get Through It - Interlude', 'Legends Never Die', 2020),
  ('Juice WRLD', 'song', 'Life''s A Mess', 'Legends Never Die', 2020),
  ('Juice WRLD', 'song', 'Come & Go', 'Legends Never Die', 2020),
  ('Juice WRLD', 'song', 'I Want It', 'Legends Never Die', 2020),
  ('Juice WRLD', 'song', 'Fighting Demons', 'Legends Never Die', 2020),
  ('Juice WRLD', 'song', 'Wishing Well', 'Legends Never Die', 2020),
  ('Juice WRLD', 'song', 'Screw Juice', 'Legends Never Die', 2020),
  ('Juice WRLD', 'song', 'Up Up And Away', 'Legends Never Die', 2020),
  ('Juice WRLD', 'song', 'The Man, The Myth, The Legend - Interlude', 'Legends Never Die', 2020),
  ('Juice WRLD', 'song', 'Stay High', 'Legends Never Die', 2020),
  ('Juice WRLD', 'song', 'Can''t Die', 'Legends Never Die', 2020),
  ('Juice WRLD', 'song', 'Man Of The Year', 'Legends Never Die', 2020),
  ('Juice WRLD', 'song', 'Juice WRLD Speaks From Heaven - Outro', 'Legends Never Die', 2020),
  ('Juice WRLD', 'song', 'Real Shit', '', 2020),
  ('Juice WRLD', 'song', 'Reminds Me Of You', '', 2020),
  ('Juice WRLD', 'song', 'Bad Boy', '', 2021),
  ('Juice WRLD', 'song', 'Life''s A Mess II', '', 2021),
  ('Lady Gaga', 'album', '', 'The Fame', 2008),
  ('Lady Gaga', 'song', 'Just Dance', 'The Fame', 2008),
  ('Lady Gaga', 'song', 'LoveGame', 'The Fame', 2008),
  ('Lady Gaga', 'song', 'Paparazzi', 'The Fame', 2008),
  ('Lady Gaga', 'song', 'Poker Face', 'The Fame', 2008),
  ('Lady Gaga', 'song', 'Eh, Eh (Nothing Else I Can Say)', 'The Fame', 2008),
  ('Lady Gaga', 'song', 'Beautiful, Dirty Rich', 'The Fame', 2008),
  ('Lady Gaga', 'song', 'The Fame', 'The Fame', 2008),
  ('Lady Gaga', 'song', 'Money Honey', 'The Fame', 2008),
  ('Lady Gaga', 'song', 'Starstruck', 'The Fame', 2008),
  ('Lady Gaga', 'song', 'Boys Boys Boys', 'The Fame', 2008),
  ('Lady Gaga', 'song', 'Paper Gangsta', 'The Fame', 2008),
  ('Lady Gaga', 'song', 'Brown Eyes', 'The Fame', 2008),
  ('Lady Gaga', 'song', 'I Like It Rough', 'The Fame', 2008),
  ('Lady Gaga', 'song', 'Summerboy', 'The Fame', 2008),
  ('Lady Gaga', 'song', 'Disco Heaven', 'The Fame', 2008),
  ('Lady Gaga', 'song', 'Christmas Tree', '', 2008),
  ('Lady Gaga', 'album', '', 'The Fame Monster (Deluxe Edition)', 2009),
  ('Lady Gaga', 'song', 'Bad Romance', 'The Fame Monster (Deluxe Edition)', 2009),
  ('Lady Gaga', 'song', 'Alejandro', 'The Fame Monster (Deluxe Edition)', 2009),
  ('Lady Gaga', 'song', 'Monster', 'The Fame Monster (Deluxe Edition)', 2009),
  ('Lady Gaga', 'song', 'Speechless', 'The Fame Monster (Deluxe Edition)', 2009),
  ('Lady Gaga', 'song', 'Dance In The Dark', 'The Fame Monster (Deluxe Edition)', 2009),
  ('Lady Gaga', 'song', 'Telephone', 'The Fame Monster (Deluxe Edition)', 2009),
  ('Lady Gaga', 'song', 'So Happy I Could Die', 'The Fame Monster (Deluxe Edition)', 2009),
  ('Lady Gaga', 'song', 'Teeth', 'The Fame Monster (Deluxe Edition)', 2009),
  ('Lady Gaga', 'album', '', 'Born This Way', 2011),
  ('Lady Gaga', 'song', 'Marry The Night', 'Born This Way', 2011),
  ('Lady Gaga', 'song', 'Born This Way', 'Born This Way', 2011),
  ('Lady Gaga', 'song', 'Government Hooker', 'Born This Way', 2011),
  ('Lady Gaga', 'song', 'Judas', 'Born This Way', 2011),
  ('Lady Gaga', 'song', 'Americano', 'Born This Way', 2011),
  ('Lady Gaga', 'song', 'Hair', 'Born This Way', 2011),
  ('Lady Gaga', 'song', 'ScheiBe', 'Born This Way', 2011),
  ('Lady Gaga', 'song', 'Bloody Mary', 'Born This Way', 2011),
  ('Lady Gaga', 'song', 'Bad Kids', 'Born This Way', 2011),
  ('Lady Gaga', 'song', 'Highway Unicorn (Road To Love)', 'Born This Way', 2011),
  ('Lady Gaga', 'song', 'Heavy Metal Lover', 'Born This Way', 2011),
  ('Lady Gaga', 'song', 'Electric Chapel', 'Born This Way', 2011),
  ('Lady Gaga', 'song', 'You And I', 'Born This Way', 2011),
  ('Lady Gaga', 'song', 'The Edge Of Glory', 'Born This Way', 2011),
  ('Lady Gaga', 'album', '', 'Born This Way (Special Edition)', 2011),
  ('Lady Gaga', 'song', 'Black Jesus + Amen Fashion', 'Born This Way (Special Edition)', 2011),
  ('Lady Gaga', 'song', 'Fashion of His Love', 'Born This Way (Special Edition)', 2011),
  ('Lady Gaga', 'song', 'The Queen', 'Born This Way (Special Edition)', 2011),
  ('Lady Gaga', 'album', '', 'ARTPOP', 2013),
  ('Lady Gaga', 'song', 'Aura', 'ARTPOP', 2013),
  ('Lady Gaga', 'song', 'Venus', 'ARTPOP', 2013),
  ('Lady Gaga', 'song', 'G.U.Y.', 'ARTPOP', 2013),
  ('Lady Gaga', 'song', 'Sexxx Dreams', 'ARTPOP', 2013),
  ('Lady Gaga', 'song', 'Jewels N'' Drugs', 'ARTPOP', 2013),
  ('Lady Gaga', 'song', 'MANiCURE', 'ARTPOP', 2013),
  ('Lady Gaga', 'song', 'ARTPOP', 'ARTPOP', 2013),
  ('Lady Gaga', 'song', 'Swine', 'ARTPOP', 2013),
  ('Lady Gaga', 'song', 'Donatella', 'ARTPOP', 2013),
  ('Lady Gaga', 'song', 'Fashion!', 'ARTPOP', 2013),
  ('Lady Gaga', 'song', 'Mary Jane Holland', 'ARTPOP', 2013),
  ('Lady Gaga', 'song', 'Dope', 'ARTPOP', 2013),
  ('Lady Gaga', 'song', 'Gypsy', 'ARTPOP', 2013),
  ('Lady Gaga', 'song', 'Applause', 'ARTPOP', 2013),
  ('Lady Gaga', 'song', 'Do What U Want', '', 2013),
  ('Lady Gaga', 'song', 'Til It Happens To You', '', 2015),
  ('Lady Gaga', 'album', '', 'Joanne', 2016),
  ('Lady Gaga', 'song', 'Diamond Heart', 'Joanne', 2016),
  ('Lady Gaga', 'song', 'A-YO', 'Joanne', 2016),
  ('Lady Gaga', 'song', 'Joanne', 'Joanne', 2016),
  ('Lady Gaga', 'song', 'John Wayne', 'Joanne', 2016),
  ('Lady Gaga', 'song', 'Dancin'' in Circles', 'Joanne', 2016),
  ('Lady Gaga', 'song', 'Perfect Illusion', 'Joanne', 2016),
  ('Lady Gaga', 'song', 'Million Reasons', 'Joanne', 2016),
  ('Lady Gaga', 'song', 'Sinner''s Prayer', 'Joanne', 2016),
  ('Lady Gaga', 'song', 'Come To Mama', 'Joanne', 2016),
  ('Lady Gaga', 'song', 'Hey Girl', 'Joanne', 2016),
  ('Lady Gaga', 'song', 'Angel Down', 'Joanne', 2016),
  ('Lady Gaga', 'album', '', 'Joanne (Deluxe)', 2016),
  ('Lady Gaga', 'song', 'Grigio Girls', 'Joanne (Deluxe)', 2016),
  ('Lady Gaga', 'song', 'Just Another Day', 'Joanne (Deluxe)', 2016),
  ('Lady Gaga', 'song', 'Angel Down - Work Tape', 'Joanne (Deluxe)', 2016),
  ('Lady Gaga', 'song', 'The Cure', '', 2017),
  ('Lady Gaga', 'song', 'Your Song', '', 2018),
  ('Lady Gaga', 'album', '', 'Chromatica', 2020),
  ('Lady Gaga', 'album', '', 'Chromatica', 2020),
  ('Lady Gaga', 'song', 'Chromatica I', 'Chromatica', 2020),
  ('Lady Gaga', 'song', 'Alice', 'Chromatica', 2020),
  ('Lady Gaga', 'song', 'Stupid Love', 'Chromatica', 2020),
  ('Lady Gaga', 'song', 'Rain On Me', 'Chromatica', 2020),
  ('Lady Gaga', 'song', 'Free Woman', 'Chromatica', 2020),
  ('Lady Gaga', 'song', 'Fun Tonight', 'Chromatica', 2020),
  ('Lady Gaga', 'song', 'Chromatica II', 'Chromatica', 2020),
  ('Lady Gaga', 'song', '911', 'Chromatica', 2020),
  ('Lady Gaga', 'song', 'Plastic Doll', 'Chromatica', 2020),
  ('Lady Gaga', 'song', 'Sour Candy', 'Chromatica', 2020),
  ('Lady Gaga', 'song', 'Enigma', 'Chromatica', 2020),
  ('Lady Gaga', 'song', 'Replay', 'Chromatica', 2020),
  ('Lady Gaga', 'song', 'Chromatica III', 'Chromatica', 2020),
  ('Lady Gaga', 'song', 'Sine From Above', 'Chromatica', 2020),
  ('Lady Gaga', 'song', '1000 Doves', 'Chromatica', 2020),
  ('Lady Gaga', 'song', 'Babylon', 'Chromatica', 2020),
  ('Post Malone', 'album', '', 'Stoney', 2016),
  ('Post Malone', 'song', 'Broken Whiskey Glass', 'Stoney', 2016),
  ('Post Malone', 'song', 'Big Lie', 'Stoney', 2016),
  ('Post Malone', 'song', 'Deja Vu', 'Stoney', 2016),
  ('Post Malone', 'song', 'No Option', 'Stoney', 2016),
  ('Post Malone', 'song', 'Cold', 'Stoney', 2016),
  ('Post Malone', 'song', 'White Iversion', 'Stoney', 2016),
  ('Post Malone', 'song', 'I Fall Apart', 'Stoney', 2016),
  ('Post Malone', 'song', 'Patient', 'Stoney', 2016),
  ('Post Malone', 'song', 'Go Flex', 'Stoney', 2016),
  ('Post Malone', 'song', 'Feel', 'Stoney', 2016),
  ('Post Malone', 'song', 'Too Young', 'Stoney', 2016),
  ('Post Malone', 'song', 'Congratulations', 'Stoney', 2016),
  ('Post Malone', 'song', 'Up There', 'Stoney', 2016),
  ('Post Malone', 'song', 'Yours Truly, Austin Post', 'Stoney', 2016),
  ('Post Malone', 'album', '', 'Stoney (Deluxe)', 2016),
  ('Post Malone', 'song', 'Leave', 'Stoney (Deluxe)', 2016),
  ('Post Malone', 'song', 'Hit This Hard', 'Stoney (Deluxe)', 2016),
  ('Post Malone', 'song', 'Money Made Me Do It', 'Stoney (Deluxe)', 2016),
  ('Post Malone', 'song', 'Feeling Whitney', 'Stoney (Deluxe)', 2016),
  ('Post Malone', 'album', '', 'beerbongs & bentleys', 2018),
  ('Post Malone', 'song', 'Paranoid', 'beerbongs & bentleys', 2018),
  ('Post Malone', 'song', 'Spoil My Night', 'beerbongs & bentleys', 2018),
  ('Post Malone', 'song', 'Rich & Sad', 'beerbongs & bentleys', 2018),
  ('Post Malone', 'song', 'Zack and Codeine', 'beerbongs & bentleys', 2018),
  ('Post Malone', 'song', 'Takin'' Shots', 'beerbongs & bentleys', 2018),
  ('Post Malone', 'song', 'Rockstar', 'beerbongs & bentleys', 2018),
  ('Post Malone', 'song', '', 'beerbongs & bentleys', 2018),
  ('Post Malone', 'song', 'Over Now', 'beerbongs & bentleys', 2018),
  ('Post Malone', 'song', 'Psycho', 'beerbongs & bentleys', 2018),
  ('Post Malone', 'song', 'Better Now', 'beerbongs & bentleys', 2018),
  ('Post Malone', 'song', 'Ball For Me', 'beerbongs & bentleys', 2018),
  ('Post Malone', 'song', 'Otherside', 'beerbongs & bentleys', 2018),
  ('Post Malone', 'song', 'Stay', 'beerbongs & bentleys', 2018),
  ('Post Malone', 'song', 'Blame It On Me', 'beerbongs & bentleys', 2018),
  ('Post Malone', 'song', 'Same Bitches', 'beerbongs & bentleys', 2018),
  ('Post Malone', 'song', 'Jonestown (Interlude)', 'beerbongs & bentleys', 2018),
  ('Post Malone', 'song', '92 Explorer', 'beerbongs & bentleys', 2018),
  ('Post Malone', 'song', 'Candy Paint', 'beerbongs & bentleys', 2018),
  ('Post Malone', 'song', 'Sugar Wraith', 'beerbongs & bentleys', 2018),
  ('Post Malone', 'album', '', 'Hollywood''s Bleeding', 2019),
  ('Post Malone', 'song', 'Hollywood''s Bleeding', 'Hollywood''s Bleeding', 2019),
  ('Post Malone', 'song', 'Saint-Tropez', 'Hollywood''s Bleeding', 2019),
  ('Post Malone', 'song', 'Enemies', 'Hollywood''s Bleeding', 2019),
  ('Post Malone', 'song', 'A Thousand Bad Times', 'Hollywood''s Bleeding', 2019),
  ('Post Malone', 'song', 'Circles', 'Hollywood''s Bleeding', 2019),
  ('Post Malone', 'song', 'Die for Me', 'Hollywood''s Bleeding', 2019),
  ('Post Malone', 'song', 'On the Road', 'Hollywood''s Bleeding', 2019),
  ('Post Malone', 'song', 'Take What You Want', 'Hollywood''s Bleeding', 2019),
  ('Post Malone', 'song', 'I''m Gonna Be', 'Hollywood''s Bleeding', 2019),
  ('Post Malone', 'song', 'Staring at the Sun', 'Hollywood''s Bleeding', 2019),
  ('Post Malone', 'song', 'Sunflower', 'Hollywood''s Bleeding', 2019),
  ('Post Malone', 'song', 'Internet', 'Hollywood''s Bleeding', 2019),
  ('Post Malone', 'song', 'Goodbyes', 'Hollywood''s Bleeding', 2019),
  ('Post Malone', 'song', 'Myself', 'Hollywood''s Bleeding', 2019),
  ('Post Malone', 'song', 'I Know', 'Hollywood''s Bleeding', 2019),
  ('Post Malone', 'song', 'Wow.', 'Hollywood''s Bleeding', 2019),
  ('Post Malone', 'song', 'Only Wanna Be with You', '', 2021),
  ('Melanie Martinez', 'album', '', 'Cry Baby', 2015),
  ('Melanie Martinez', 'song', 'Cry Baby', 'Cry Baby', 2015),
  ('Melanie Martinez', 'song', 'Dollhouse', 'Cry Baby', 2015),
  ('Melanie Martinez', 'song', 'Sippy Cup', 'Cry Baby', 2015),
  ('Melanie Martinez', 'song', 'Carousel', 'Cry Baby', 2015),
  ('Melanie Martinez', 'song', 'Alphabet Boy', 'Cry Baby', 2015),
  ('Melanie Martinez', 'song', 'Soap', 'Cry Baby', 2015),
  ('Melanie Martinez', 'song', 'Training Wheels', 'Cry Baby', 2015),
  ('Melanie Martinez', 'song', 'Pity Party', 'Cry Baby', 2015),
  ('Melanie Martinez', 'song', 'Tag, You''re It', 'Cry Baby', 2015),
  ('Melanie Martinez', 'song', 'Milk and Cookies', 'Cry Baby', 2015),
  ('Melanie Martinez', 'song', 'Pacify Her', 'Cry Baby', 2015),
  ('Melanie Martinez', 'song', 'Mrs. Potato Head', 'Cry Baby', 2015),
  ('Melanie Martinez', 'song', 'Mad Hatter', 'Cry Baby', 2015),
  ('Melanie Martinez', 'album', '', 'Cry Baby (Deluxe Edition)', 2015),
  ('Melanie Martinez', 'song', 'Play Date', 'Cry Baby (Deluxe Edition)', 2015),
  ('Melanie Martinez', 'song', 'Teddy Bear', 'Cry Baby (Deluxe Edition)', 2015),
  ('Melanie Martinez', 'song', 'Cake', 'Cry Baby (Deluxe Edition)', 2015),
  ('Melanie Martinez', 'album', '', 'K-12', 2019),
  ('Melanie Martinez', 'song', 'Wheels on the Bus', 'K-12', 2019),
  ('Melanie Martinez', 'song', 'Class Fight', 'K-12', 2019),
  ('Melanie Martinez', 'song', 'The Principal', 'K-12', 2019),
  ('Melanie Martinez', 'song', 'Show & Tell', 'K-12', 2019),
  ('Melanie Martinez', 'song', 'Nurse''s Office', 'K-12', 2019),
  ('Melanie Martinez', 'song', 'Drama Club', 'K-12', 2019),
  ('Melanie Martinez', 'song', 'Strawberry Shortcake', 'K-12', 2019),
  ('Melanie Martinez', 'song', 'Lunchbox Friends', 'K-12', 2019),
  ('Melanie Martinez', 'song', 'Orange Juice', 'K-12', 2019),
  ('Melanie Martinez', 'song', 'Detention', 'K-12', 2019),
  ('Melanie Martinez', 'song', 'Teacher''s Pet', 'K-12', 2019),
  ('Melanie Martinez', 'song', 'High School Sweethearts', 'K-12', 2019),
  ('Melanie Martinez', 'song', 'Recess', 'K-12', 2019),
  ('Melanie Martinez', 'album', '', 'K-12 (After School - Deluxe Edition', 2020),
  ('Melanie Martinez', 'song', 'Notebook', 'K-12 (After School - Deluxe Edition', 2020),
  ('Melanie Martinez', 'song', 'Test Me', 'K-12 (After School - Deluxe Edition', 2020),
  ('Melanie Martinez', 'song', 'Brain & Heart', 'K-12 (After School - Deluxe Edition', 2020),
  ('Melanie Martinez', 'song', 'Numbers', 'K-12 (After School - Deluxe Edition', 2020),
  ('Melanie Martinez', 'song', 'Glued', 'K-12 (After School - Deluxe Edition', 2020),
  ('Melanie Martinez', 'song', 'Field Trip', 'K-12 (After School - Deluxe Edition', 2020),
  ('Melanie Martinez', 'song', 'The Bakery', 'K-12 (After School - Deluxe Edition', 2020)
;
