\connect jazminesa

DROP DATABASE IF EXISTS music_collection;
CREATE DATABASE music_collection;

\connect music_collection;

DROP TABLE IF EXISTS artists;
CREATE TABLE artists (
  name varchar(100) PRIMARY KEY NOT NULL,
  genre varchar(100) NOT NULL,
  record_label varchar(100)
);

INSERT INTO artists (name, genre, record_label) VALUES
  ('Billie Eilish', 'Dark Pop', 'Interscope Records'),
  ('FINNEAS', 'Alt Pop', 'AWAL'),
  ('Hollywood Undead', 'Rap Rock', 'A&M Octone Records'),
  ('Juice WRLD', 'Hip Hop', 'Interscope Records'),
  ('Lady Gaga', 'Pop', 'Interscope Records'),
  ('Post Malone', 'Hip Hop', 'Republic Records'),
  ('Melanie Martinez', 'Indie Pop', 'Atlantic Records'),
  ('Travis Scott', 'Hip Hop', 'Grand Hustle Records'),
  ('Sam Smith', 'Pop', 'Capitol Records'),
  ('Tyler, the Creator', 'Alt Hip Hop', 'Columbia Records')
;

DROP TABLE IF EXISTS valid_media_type;
CREATE TABLE valid_media_type (
  mtype text PRIMARY KEY NOT NULL
);

INSERT INTO valid_media_type (mtype) VALUES
  ('album'),
  ('ep'),
  ('song')
;

DROP TABLE IF EXISTS music_catalog;
CREATE TABLE music_catalog (
  artist varchar(100) REFERENCES artists (name) NOT NULL,
  id serial NOT NULL UNIQUE,
  media_type text REFERENCES valid_media_type (mtype),
  song_name varchar(100) NOT NULL DEFAULT '',
  collab boolean DEFAULT NULL,
  collab_artists varchar(255) DEFAULT NULL,
  album_name varchar(100) NOT NULL DEFAULT '',
  release_year varchar(4) DEFAULT NULL,
  PRIMARY KEY (id, artist, song_name)
);

INSERT INTO music_catalog (artist, media_type, song_name, collab, collab_artists, album_name, release_year) VALUES
  ('Billie Eilish', 'song', 'Six Feet Under', NULL, NULL, '', 2016),
  ('Billie Eilish', 'ep', '', NULL, NULL, 'Don''t Smile at Me', 2017),
  ('Billie Eilish', 'song', 'ocean eyes', NULL, NULL, 'Don''t Smile at Me', 2016),
  ('Billie Eilish', 'song', 'bellyache', NULL, NULL, 'Don''t Smile at Me', 2017),
  ('Billie Eilish', 'song', 'watch', NULL, NULL, 'Don''t Smile at Me', 2017),
  ('Billie Eilish', 'song', 'COPYCAT', NULL, NULL, 'Don''t Smile at Me', 2017),
  ('Billie Eilish', 'song', 'idontwannabeyouanymore', NULL, NULL, 'Don''t Smile at Me', 2017),
  ('Billie Eilish', 'song', 'hostage', NULL, NULL, 'Don''t Smile at Me', 2017),
  ('Billie Eilish', 'song', 'party favor', NULL, NULL, 'Don''t Smile at Me', 2017),
  ('Billie Eilish', 'song', 'my boy', NULL, NULL, 'Don''t Smile at Me', 2017),
  ('Billie Eilish', 'song', '&burn', true, 'Vincent Staples', 'Don''t Smile at Me', 2017),
  ('Billie Eilish', 'song', 'Bored', NULL, NULL, '', 2017),
  ('Billie Eilish', 'song', 'bitches broken hearts', NULL, NULL, '', 2018),
  ('Billie Eilish', 'song', 'lovely', true, 'Khalid', '', 2018),
  ('Billie Eilish', 'song', 'come out and play', NULL, NULL, '', 2018),
  ('Billie Eilish', 'song', 'WHEN I WAS OLDER', NULL, NULL, '', 2019),
  ('Billie Eilish', 'album', '', NULL, NULL, 'WHEN WE ALL FALL ASLEEP, WHERE DO WE GO?', 2019),
  ('Billie Eilish', 'song', '!!!!!!!', NULL, NULL, 'WHEN WE ALL FALL ASLEEP, WHERE DO WE GO?', 2019),
  ('Billie Eilish', 'song', 'bad guy', NULL, NULL, 'WHEN WE ALL FALL ASLEEP, WHERE DO WE GO?', 2019),
  ('Billie Eilish', 'song', 'xanny', NULL, NULL, 'WHEN WE ALL FALL ASLEEP, WHERE DO WE GO?', 2019),
  ('Billie Eilish', 'song', 'you should see me in a crown', NULL, NULL, 'WHEN WE ALL FALL ASLEEP, WHERE DO WE GO?', 2019),
  ('Billie Eilish', 'song', 'all the good girls go to hell', NULL, NULL, 'WHEN WE ALL FALL ASLEEP, WHERE DO WE GO?', 2019),
  ('Billie Eilish', 'song', 'wish you were gay', NULL, NULL, 'WHEN WE ALL FALL ASLEEP, WHERE DO WE GO?', 2019),
  ('Billie Eilish', 'song', 'when the party''s over', NULL, NULL, 'WHEN WE ALL FALL ASLEEP, WHERE DO WE GO?', 2019),
  ('Billie Eilish', 'song', '8', NULL, NULL, 'WHEN WE ALL FALL ASLEEP, WHERE DO WE GO?', 2019),
  ('Billie Eilish', 'song', 'my strange addiction', NULL, NULL, 'WHEN WE ALL FALL ASLEEP, WHERE DO WE GO?', 2019),
  ('Billie Eilish', 'song', 'bury a friend', NULL, NULL, 'WHEN WE ALL FALL ASLEEP, WHERE DO WE GO?', 2019),
  ('Billie Eilish', 'song', 'ilomilo', NULL, NULL, 'WHEN WE ALL FALL ASLEEP, WHERE DO WE GO?', 2019),
  ('Billie Eilish', 'song', 'listen before i go', NULL, NULL, 'WHEN WE ALL FALL ASLEEP, WHERE DO WE GO?', 2019),
  ('Billie Eilish', 'song', 'i love you', NULL, NULL, 'WHEN WE ALL FALL ASLEEP, WHERE DO WE GO?', 2019),
  ('Billie Eilish', 'song', 'goodbye', NULL, NULL, 'WHEN WE ALL FALL ASLEEP, WHERE DO WE GO?', 2019),
  ('Billie Eilish', 'song', 'everything i wanted', NULL, NULL, '', 2019),
  ('Billie Eilish', 'song', 'No Time To Die', NULL, NULL, '', 2020),
  ('Billie Eilish', 'song', 'my future', NULL, NULL, '', 2020),
  ('Billie Eilish', 'song', 'Therefore I Am', NULL, NULL, '', 2020),
  ('Billie Eilish', 'song', 'Lo Vas A Olvidar', true, 'Rosalia', '', 2021),
  ('FINNEAS', 'song', 'New Girl', NULL, NULL, '', 2016),
  ('FINNEAS', 'song', 'I''m in Love Without You', NULL, NULL, '', 2017),
  ('FINNEAS', 'song', 'Heaven', NULL, NULL, '', 2018),
  ('FINNEAS', 'song', 'Life Moves On', NULL, NULL, '', 2018),
  ('FINNEAS', 'song', 'Landmine', NULL, NULL, '', 2018),
  ('FINNEAS', 'song', 'Hollywood Forever', NULL, NULL, '', 2018),
  ('FINNEAS', 'song', 'College', NULL, NULL, '', 2018),
  ('FINNEAS', 'song', 'Luck Pusher', NULL, NULL, '', 2018),
  ('FINNEAS', 'song', 'Claudia', NULL, NULL, '', 2019),
  ('FINNEAS', 'song', 'Angel', NULL, NULL, '', 2019),
  ('FINNEAS', 'ep', '', NULL, NULL, 'Blood Harmony', 2019),
  ('FINNEAS', 'song', 'I Lost a Friend', NULL, NULL, 'Blood Harmony', 2019),
  ('FINNEAS', 'song', 'Shelter', NULL, NULL, 'Blood Harmony', 2019),
  ('FINNEAS', 'song', 'Lost My Mind', NULL, NULL, 'Blood Harmony', 2019),
  ('FINNEAS', 'song', 'I Don''t Miss You at All', NULL, NULL, 'Blood Harmony', 2019),
  ('FINNEAS', 'song', 'Partners in Crime', NULL, NULL, 'Blood Harmony', 2019),
  ('FINNEAS', 'song', 'Let''s Fall in Love for the Night', NULL, NULL, 'Blood Harmony', 2019),
  ('FINNEAS', 'song', 'Die Alone', NULL, NULL, 'Blood Harmony', 2019),
  ('FINNEAS', 'album', '', NULL, NULL, 'Blood Harmony (Deluxe)', 2020),
  ('FINNEAS', 'song', 'Break My Heart Again', NULL, NULL, 'Blood Harmony (Deluxe)', 2020),
  ('FINNEAS', 'song', 'Let''s Fall in Love for the Night (1964)', NULL, NULL, 'Blood Harmony (Deluxe)', 2020),
  ('FINNEAS', 'song', 'Can''t Wait To Be Dead', NULL, NULL, '', 2020),
  ('FINNEAS', 'song', 'Where the Poison Is', NULL, NULL, '', 2020),
  ('FINNEAS', 'song', 'Another Year', NULL, NULL, '', 2020),
  ('FINNEAS', 'song', 'American Cliché', NULL, NULL, '', 2021),
  ('FINNEAS', 'song', 'Till Forever Falls Apart', true, 'Ashe', '', 2021),
  ('Hollywood Undead', 'album', '', NULL, NULL, 'Swan Songs', 2008),
  ('Hollywood Undead', 'song', 'Undead', NULL, NULL, 'Swan Songs', 2008),
  ('Hollywood Undead', 'song', 'Sell Your Soul', NULL, NULL, 'Swan Songs', 2008),
  ('Hollywood Undead', 'song', 'Everywhere I Go', NULL, NULL, 'Swan Songs', 2008),
  ('Hollywood Undead', 'song', 'No Other Place', NULL, NULL, 'Swan Songs', 2008),
  ('Hollywood Undead', 'song', 'No. 5', NULL, NULL, 'Swan Songs', 2008),
  ('Hollywood Undead', 'song', 'Young', NULL, NULL, 'Swan Songs', 2008),
  ('Hollywood Undead', 'song', 'Black Dahlia', NULL, NULL, 'Swan Songs', 2008),
  ('Hollywood Undead', 'song', 'This Love, This Hate', NULL, NULL, 'Swan Songs', 2008),
  ('Hollywood Undead', 'song', 'Bottle and a Gun', NULL, NULL, 'Swan Songs', 2008),
  ('Hollywood Undead', 'song', 'California', NULL, NULL, 'Swan Songs', 2008),
  ('Hollywood Undead', 'song', 'City', NULL, NULL, 'Swan Songs', 2008),
  ('Hollywood Undead', 'song', 'The Diary', NULL, NULL, 'Swan Songs', 2008),
  ('Hollywood Undead', 'song', 'Pimpin''', NULL, NULL, 'Swan Songs', 2008),
  ('Hollywood Undead', 'song', 'Paradise Lost', NULL, NULL, 'Swan Songs', 2008),
  ('Hollywood Undead', 'song', 'Christmas in Hollywood', NULL, NULL, '', 2008),
  ('Hollywood Undead', 'album', '', NULL, NULL, 'American Tragedy', 2011),
  ('Hollywood Undead', 'song', 'Been to Hell', NULL, NULL, 'American Tragedy', 2011),
  ('Hollywood Undead', 'song', 'Apologize', NULL, NULL, 'American Tragedy', 2011),
  ('Hollywood Undead', 'song', 'Comin'' in Hot', NULL, NULL, 'American Tragedy', 2011),
  ('Hollywood Undead', 'song', 'My Town', NULL, NULL, 'American Tragedy', 2011),
  ('Hollywood Undead', 'song', 'I Don''t Wanna Die', NULL, NULL, 'American Tragedy', 2011),
  ('Hollywood Undead', 'song', 'Hear Me Now', NULL, NULL, 'American Tragedy', 2011),
  ('Hollywood Undead', 'song', 'Gangsta Sexy', NULL, NULL, 'American Tragedy', 2011),
  ('Hollywood Undead', 'song', 'Glory', NULL, NULL, 'American Tragedy', 2011),
  ('Hollywood Undead', 'song', 'Lights Out', NULL, NULL, 'American Tragedy', 2011),
  ('Hollywood Undead', 'song', 'Coming Back Down', NULL, NULL, 'American Tragedy', 2011),
  ('Hollywood Undead', 'song', 'Bullet', NULL, NULL, 'American Tragedy', 2011),
  ('Hollywood Undead', 'song', 'Levitate', NULL, NULL, 'American Tragedy', 2011),
  ('Hollywood Undead', 'song', 'Pour Me', NULL, NULL, 'American Tragedy', 2011),
  ('Hollywood Undead', 'song', 'Tendencies', NULL, NULL, 'American Tragedy', 2011),
  ('Hollywood Undead', 'album', '', NULL, NULL, 'American Tragedy (Deluxe)', 2011),
  ('Hollywood Undead', 'song', 'Mother Murder', NULL, NULL, 'American Tragedy (Deluxe)', 2011),
  ('Hollywood Undead', 'song', 'Lump Your Head', NULL, NULL, 'American Tragedy (Deluxe)', 2011),
  ('Hollywood Undead', 'song', 'Le Deux', NULL, NULL, 'American Tragedy (Deluxe)', 2011),
  ('Hollywood Undead', 'song', 'S.C.A.V.A.', NULL, NULL, 'American Tragedy (Deluxe)', 2011),
  ('Hollywood Undead', 'album', '', NULL, NULL, 'Notes from the Underground', 2013),
  ('Hollywood Undead', 'song', 'Dead Bite', NULL, NULL, 'Notes from the Underground', 2013),
  ('Hollywood Undead', 'song', 'From the Ground', NULL, NULL, 'Notes from the Underground', 2013),
  ('Hollywood Undead', 'song', 'Another Way Out', NULL, NULL, 'Notes from the Underground', 2013),
  ('Hollywood Undead', 'song', 'Lion', NULL, NULL, 'Notes from the Underground', 2013),
  ('Hollywood Undead', 'song', 'We Are', NULL, NULL, 'Notes from the Underground', 2013),
  ('Hollywood Undead', 'song', 'Pigskin', NULL, NULL, 'Notes from the Underground', 2013),
  ('Hollywood Undead', 'song', 'Rain', NULL, NULL, 'Notes from the Underground', 2013),
  ('Hollywood Undead', 'song', 'Kill Everyone', NULL, NULL, 'Notes from the Underground', 2013),
  ('Hollywood Undead', 'song', 'Believe', NULL, NULL, 'Notes from the Underground', 2013),
  ('Hollywood Undead', 'song', 'Up in Smoke', NULL, NULL, 'Notes from the Underground', 2013),
  ('Hollywood Undead', 'song', 'Outside', NULL, NULL, 'Notes from the Underground', 2013),
  ('Hollywood Undead', 'album', '', NULL, NULL, 'Notes from the Underground - Unabridged (Deluxe)', 2013),
  ('Hollywood Undead', 'song', 'Medicine', NULL, NULL, 'Notes from the Underground - Unabridged (Deluxe)', 2013),
  ('Hollywood Undead', 'song', 'One More Bottle', NULL, NULL, 'Notes from the Underground - Unabridged (Deluxe)', 2013),
  ('Hollywood Undead', 'song', 'Delish', NULL, NULL, 'Notes from the Underground - Unabridged (Deluxe)', 2013),
  ('Hollywood Undead', 'album', '', NULL, NULL, 'Day of the Dead', 2015),
  ('Hollywood Undead', 'song', 'Usual Suspects', NULL, NULL, 'Day of the Dead', 2015),
  ('Hollywood Undead', 'song', 'How We Roll', NULL, NULL, 'Day of the Dead', 2015),
  ('Hollywood Undead', 'song', 'Day of the Dead', NULL, NULL, 'Day of the Dead', 2015),
  ('Hollywood Undead', 'song', 'War Child', NULL, NULL, 'Day of the Dead', 2015),
  ('Hollywood Undead', 'song', 'Dark Places', NULL, NULL, 'Day of the Dead', 2015),
  ('Hollywood Undead', 'song', 'Take Me Home', NULL, NULL, 'Day of the Dead', 2015),
  ('Hollywood Undead', 'song', 'Gravity', NULL, NULL, 'Day of the Dead', 2015),
  ('Hollywood Undead', 'song', 'Does Everybody in the World Have to Die', NULL, NULL, 'Day of the Dead', 2015),
  ('Hollywood Undead', 'song', 'Disease', NULL, NULL, 'Day of the Dead', 2015),
  ('Hollywood Undead', 'song', 'Party by Myself', NULL, NULL, 'Day of the Dead', 2015),
  ('Hollywood Undead', 'song', 'Live Forever', NULL, NULL, 'Day of the Dead', 2015),
  ('Hollywood Undead', 'song', 'Save Me', NULL, NULL, 'Day of the Dead', 2015),
  ('Hollywood Undead', 'album', '', NULL, NULL, 'Day of the Dead (Deluxe Version)', 2015),
  ('Hollywood Undead', 'song', 'Guzzle, Guzzle', NULL, NULL, 'Day of the Dead (Deluxe Version)', 2015),
  ('Hollywood Undead', 'song', 'I''ll Be There', NULL, NULL, 'Day of the Dead (Deluxe Version)', 2015),
  ('Hollywood Undead', 'song', 'Let Go', NULL, NULL, 'Day of the Dead (Deluxe Version)', 2015),
  ('Hollywood Undead', 'album', '', NULL, NULL, 'Five', 2017),
  ('Hollywood Undead', 'song', 'California Dreaming', NULL, NULL, 'Five', 2017),
  ('Hollywood Undead', 'song', 'Whatever It Takes', NULL, NULL, 'Five', 2017),
  ('Hollywood Undead', 'song', 'Bad Moon', NULL, NULL, 'Five', 2017),
  ('Hollywood Undead', 'song', 'Ghost Beach', NULL, NULL, 'Five', 2017),
  ('Hollywood Undead', 'song', 'Broken Record', NULL, NULL, 'Five', 2017),
  ('Hollywood Undead', 'song', 'Nobody''s Watching', NULL, NULL, 'Five', 2017),
  ('Hollywood Undead', 'song', 'Renegade', NULL, NULL, 'Five', 2017),
  ('Hollywood Undead', 'song', 'Black Cadillac', true, 'B-Real', 'Five', 2017),
  ('Hollywood Undead', 'song', 'Pray (Put ''Em in the Dirt)', NULL, NULL, 'Five', 2017),
  ('Hollywood Undead', 'song', 'Cashed Out', NULL, NULL, 'Five', 2017),
  ('Hollywood Undead', 'song', 'Riot', NULL, NULL, 'Five', 2017),
  ('Hollywood Undead', 'song', 'We Own the Night', NULL, NULL, 'Five', 2017),
  ('Hollywood Undead', 'song', 'Bang Bang', NULL, NULL, 'Five', 2017),
  ('Hollywood Undead', 'song', 'Your Life', NULL, NULL, 'Five', 2017),
  ('Hollywood Undead', 'ep', '', NULL, NULL, 'Psalms', 2018),
  ('Hollywood Undead', 'song', 'Bloody Nose', NULL, NULL, 'Psalms', 2018),
  ('Hollywood Undead', 'song', 'Live Fast Die Young', NULL, NULL, 'Psalms', 2018),
  ('Hollywood Undead', 'song', 'Something to Believe', NULL, NULL, 'Psalms', 2018),
  ('Hollywood Undead', 'song', 'Another Level', NULL, NULL, 'Psalms', 2018),
  ('Hollywood Undead', 'song', 'Gotta Let Go', NULL, NULL, 'Psalms', 2018),
  ('Hollywood Undead', 'album', '', NULL, NULL, 'New Empire Vol. 1', 2020),
  ('Hollywood Undead', 'song', 'Time Bomb', NULL, NULL, 'New Empire Vol. 1', 2020),
  ('Hollywood Undead', 'song', 'Heart of a Champion', NULL, NULL, 'New Empire Vol. 1', 2020),
  ('Hollywood Undead', 'song', 'Already Dead', NULL, NULL, 'New Empire Vol. 1', 2020),
  ('Hollywood Undead', 'song', 'Empire', NULL, NULL, 'New Empire Vol. 1', 2020),
  ('Hollywood Undead', 'song', 'Killin'' It', NULL, NULL, 'New Empire Vol. 1', 2020),
  ('Hollywood Undead', 'song', 'Enemy', NULL, NULL, 'New Empire Vol. 1', 2020),
  ('Hollywood Undead', 'song', 'Upside Down', true, 'Kellin Quinn', 'New Empire Vol. 1', 2020),
  ('Hollywood Undead', 'song', 'Second Chances', true, 'Benji Madden', 'New Empire Vol. 1', 2020),
  ('Hollywood Undead', 'song', 'Nightmare', NULL, NULL, 'New Empire Vol. 1', 2020),
  ('Hollywood Undead', 'album', '', NULL, NULL, 'New Empire Vol. 2', 2020),
  ('Hollywood Undead', 'song', 'Medicate', NULL, NULL, 'New Empire Vol. 2', 2020),
  ('Hollywood Undead', 'song', 'Comin'' Thru the Stereo', true, 'Hyro the Hero', 'New Empire Vol. 2', 2020),
  ('Hollywood Undead', 'song', 'Ghost Out', NULL, NULL, 'New Empire Vol. 2', 2020),
  ('Hollywood Undead', 'song', 'Gonna Be OK', NULL, NULL, 'New Empire Vol. 2', 2020),
  ('Hollywood Undead', 'song', 'Monsters', true, 'Killstation', 'New Empire Vol. 2', 2020),
  ('Hollywood Undead', 'song', 'Idol', true, 'Tech N9ne', 'New Empire Vol. 2', 2020),
  ('Hollywood Undead', 'song', 'Coming Home', NULL, NULL, 'New Empire Vol. 2', 2020),
  ('Hollywood Undead', 'song', 'Unholy', NULL, NULL, 'New Empire Vol. 2', 2020),
  ('Hollywood Undead', 'song', 'Worth It', NULL, NULL, 'New Empire Vol. 2', 2020),
  ('Juice WRLD', 'song', 'Roses', true, 'benny blanco, Brendon Urie', '', 2018),
  ('Juice WRLD', 'song', 'Rich And Blind', NULL, NULL, '', 2018),
  ('Juice WRLD', 'song', 'Legends', NULL, NULL, '', 2018),
  ('Juice WRLD', 'album', '', NULL, NULL, 'Goodbye & Good Riddance', 2018),
  ('Juice WRLD', 'song', 'Intro', NULL, NULL, 'Goodbye & Good Riddance', 2018),
  ('Juice WRLD', 'song', 'All Girls Are The Same', NULL, NULL, 'Goodbye & Good Riddance', 2018),
  ('Juice WRLD', 'song', 'Lucid Dreams', NULL, NULL, 'Goodbye & Good Riddance', 2018),
  ('Juice WRLD', 'song', 'Wasted', true, 'Lil Uzi Vert', 'Goodbye & Good Riddance', 2018),
  ('Juice WRLD', 'song', 'Armed And Dangerous', NULL, NULL, 'Goodbye & Good Riddance', 2018),
  ('Juice WRLD', 'song', 'Black & White', NULL, NULL, 'Goodbye & Good Riddance', 2018),
  ('Juice WRLD', 'song', 'Lean Wit Me', NULL, NULL, 'Goodbye & Good Riddance', 2018),
  ('Juice WRLD', 'song', 'I''ll Be Fine', NULL, NULL, 'Goodbye & Good Riddance', 2018),
  ('Juice WRLD', 'song', 'Used To', NULL, NULL, 'Goodbye & Good Riddance', 2018),
  ('Juice WRLD', 'song', 'Candles', NULL, NULL, 'Goodbye & Good Riddance', 2018),
  ('Juice WRLD', 'song', 'Scared Of Love', NULL, NULL, 'Goodbye & Good Riddance', 2018),
  ('Juice WRLD', 'song', 'Hurt Me', NULL, NULL, 'Goodbye & Good Riddance', 2018),
  ('Juice WRLD', 'song', 'I''m Still', NULL, NULL, 'Goodbye & Good Riddance', 2018),
  ('Juice WRLD', 'song', 'End Of The Road', NULL, NULL, 'Goodbye & Good Riddance', 2018),
  ('Juice WRLD', 'song', 'Long Gone', NULL, NULL, 'Goodbye & Good Riddance', 2018),
  ('Juice WRLD', 'song', 'Betrayal - Skit', NULL, NULL, 'Goodbye & Good Riddance', 2018),
  ('Juice WRLD', 'song', 'Karma - Skit', NULL, NULL, 'Goodbye & Good Riddance', 2018),
  ('Juice WRLD', 'song', 'Without Me',  true, 'Halsey', '', 2019),
  ('Juice WRLD', 'album', '', NULL, NULL, 'Death Race For Love', 2019),
  ('Juice WRLD', 'song', 'Empty', NULL, NULL, 'Death Race For Love', 2019),
  ('Juice WRLD', 'song', 'Maze', NULL, NULL, 'Death Race For Love', 2019),
  ('Juice WRLD', 'song', 'HeMotions', NULL, NULL, 'Death Race For Love', 2019),
  ('Juice WRLD', 'song', 'Demonz', true, 'Brent Faiyaz', 'Death Race For Love', 2019),
  ('Juice WRLD', 'song', 'Fast', NULL, NULL, 'Death Race For Love', 2019),
  ('Juice WRLD', 'song', 'Hear Me Calling', NULL, NULL, 'Death Race For Love', 2019),
  ('Juice WRLD', 'song', 'Big', NULL, NULL, 'Death Race For Love', 2019),
  ('Juice WRLD', 'song', 'Robbery', NULL, NULL, 'Death Race For Love', 2019),
  ('Juice WRLD', 'song', 'Flaws And Sins', NULL, NULL, 'Death Race For Love', 2019),
  ('Juice WRLD', 'song', 'Feeling', NULL, NULL, 'Death Race For Love', 2019),
  ('Juice WRLD', 'song', 'Syphilis', NULL, NULL, 'Death Race For Love', 2019),
  ('Juice WRLD', 'song', 'Who Shot Cupid?', NULL, NULL, 'Death Race For Love', 2019),
  ('Juice WRLD', 'song', 'Ring Ring', true, 'Rvssian, Clever', 'Death Race For Love', 2019),
  ('Juice WRLD', 'song', 'Desire', NULL, NULL, 'Death Race For Love', 2019),
  ('Juice WRLD', 'song', 'Out My Way', NULL, NULL, 'Death Race For Love', 2019),
  ('Juice WRLD', 'song', 'The Bees Knees', NULL, NULL, 'Death Race For Love', 2019),
  ('Juice WRLD', 'song', 'ON GOD', true, 'Young Thug', 'Death Race For Love', 2019),
  ('Juice WRLD', 'song', '10 Feet', NULL, NULL, 'Death Race For Love', 2019),
  ('Juice WRLD', 'song', 'Won''t Let Go', NULL, NULL, 'Death Race For Love', 2019),
  ('Juice WRLD', 'song', 'She''s The One', NULL, NULL, 'Death Race For Love', 2019),
  ('Juice WRLD', 'song', 'Rider', NULL, NULL, 'Death Race For Love', 2019),
  ('Juice WRLD', 'song', 'Make Believe', NULL, NULL, 'Death Race For Love', 2019),
  ('Juice WRLD', 'song', 'All Night', true, 'BTS', '', 2019),
  ('Juice WRLD', 'song', 'Hate Me', true, 'Ellie Goulding', '', 2019),
  ('Juice WRLD', 'song', 'Graduation', true, 'benny blanco', '', 2019),
  ('Juice WRLD', 'song', 'Bandit', true, 'YoungBoy Never Broke Again', '', 2019),
  ('Juice WRLD', 'song', 'Let Me Know (I Wonder Why Freestyle)', NULL, NULL, '', 2019),
  ('Juice WRLD', 'song', 'Suicidal (Remix)', true, 'YNW Melly', '', 2020),
  ('Juice WRLD', 'song', 'No Me Ame', true, 'Rvssian, Anuel AA', '', 2020),
  ('Juice WRLD', 'album', '', NULL, NULL, 'Legends Never Die', 2020),
  ('Juice WRLD', 'song', 'Anxiety - Intro', NULL, NULL, 'Legends Never Die', 2020),
  ('Juice WRLD', 'song', 'Conversations', NULL, NULL, 'Legends Never Die', 2020),
  ('Juice WRLD', 'song', 'Titanic', NULL, NULL, 'Legends Never Die', 2020),
  ('Juice WRLD', 'song', 'Bad Energy', NULL, NULL, 'Legends Never Die', 2020),
  ('Juice WRLD', 'song', 'Righteous', NULL, NULL, 'Legends Never Die', 2020),
  ('Juice WRLD', 'song', 'Blood On My Jeans', NULL, NULL, 'Legends Never Die', 2020),
  ('Juice WRLD', 'song', 'Smile', true, 'The Weeknd', 'Legends Never Die', 2020),
  ('Juice WRLD', 'song', 'Tell Me U Luv Me', true, 'Trippie Redd', 'Legends Never Die', 2020),
  ('Juice WRLD', 'song', 'Hate The Other Side', true, 'Marshmello, Polo G, the Kid Laroi', 'Legends Never Die', 2020),
  ('Juice WRLD', 'song', 'Get Through It - Interlude', NULL, NULL, 'Legends Never Die', 2020),
  ('Juice WRLD', 'song', 'Life''s A Mess', true, 'Halsey', 'Legends Never Die', 2020),
  ('Juice WRLD', 'song', 'Come & Go', true, 'Marshmello', 'Legends Never Die', 2020),
  ('Juice WRLD', 'song', 'I Want It', NULL, NULL, 'Legends Never Die', 2020),
  ('Juice WRLD', 'song', 'Fighting Demons', NULL, NULL, 'Legends Never Die', 2020),
  ('Juice WRLD', 'song', 'Wishing Well', NULL, NULL, 'Legends Never Die', 2020),
  ('Juice WRLD', 'song', 'Screw Juice', NULL, NULL, 'Legends Never Die', 2020),
  ('Juice WRLD', 'song', 'Up Up And Away', NULL, NULL, 'Legends Never Die', 2020),
  ('Juice WRLD', 'song', 'The Man, The Myth, The Legend - Interlude', NULL, NULL, 'Legends Never Die', 2020),
  ('Juice WRLD', 'song', 'Stay High', NULL, NULL, 'Legends Never Die', 2020),
  ('Juice WRLD', 'song', 'Can''t Die', NULL, NULL, 'Legends Never Die', 2020),
  ('Juice WRLD', 'song', 'Man Of The Year', NULL, NULL, 'Legends Never Die', 2020),
  ('Juice WRLD', 'song', 'Juice WRLD Speaks From Heaven - Outro', NULL, NULL, 'Legends Never Die', 2020),
  ('Juice WRLD', 'song', 'Real Shit', true, 'benny blanco', '', 2020),
  ('Juice WRLD', 'song', 'Reminds Me Of You', true, 'the Kid Laroi', '', 2020),
  ('Juice WRLD', 'song', 'Bad Boy', true, 'Young Thug', '', 2021),
  ('Juice WRLD', 'song', 'Life''s A Mess II', true, 'Clever, Post Malone', '', 2021),
  ('Lady Gaga', 'album', '', NULL, NULL, 'The Fame', 2008),
  ('Lady Gaga', 'song', 'Just Dance', true, 'Colby O''Donis', 'The Fame', 2008),
  ('Lady Gaga', 'song', 'LoveGame', NULL, NULL, 'The Fame', 2008),
  ('Lady Gaga', 'song', 'Paparazzi', NULL, NULL, 'The Fame', 2008),
  ('Lady Gaga', 'song', 'Poker Face', NULL, NULL, 'The Fame', 2008),
  ('Lady Gaga', 'song', 'Eh, Eh (Nothing Else I Can Say)', NULL, NULL, 'The Fame', 2008),
  ('Lady Gaga', 'song', 'Beautiful, Dirty Rich', NULL, NULL, 'The Fame', 2008),
  ('Lady Gaga', 'song', 'The Fame', NULL, NULL, 'The Fame', 2008),
  ('Lady Gaga', 'song', 'Money Honey', NULL, NULL, 'The Fame', 2008),
  ('Lady Gaga', 'song', 'Starstruck', true, 'Space Cowboy, Flo Rida', 'The Fame', 2008),
  ('Lady Gaga', 'song', 'Boys Boys Boys', NULL, NULL, 'The Fame', 2008),
  ('Lady Gaga', 'song', 'Paper Gangsta', NULL, NULL, 'The Fame', 2008),
  ('Lady Gaga', 'song', 'Brown Eyes', NULL, NULL, 'The Fame', 2008),
  ('Lady Gaga', 'song', 'I Like It Rough', NULL, NULL, 'The Fame', 2008),
  ('Lady Gaga', 'song', 'Summerboy', NULL, NULL, 'The Fame', 2008),
  ('Lady Gaga', 'song', 'Disco Heaven', NULL, NULL, 'The Fame', 2008),
  ('Lady Gaga', 'song', 'Christmas Tree', true, 'Space Cowboy', '', 2008),
  ('Lady Gaga', 'album', '', NULL, NULL, 'The Fame Monster (Deluxe Edition)', 2009),
  ('Lady Gaga', 'song', 'Bad Romance', NULL, NULL, 'The Fame Monster (Deluxe Edition)', 2009),
  ('Lady Gaga', 'song', 'Alejandro', NULL, NULL, 'The Fame Monster (Deluxe Edition)', 2009),
  ('Lady Gaga', 'song', 'Monster', NULL, NULL, 'The Fame Monster (Deluxe Edition)', 2009),
  ('Lady Gaga', 'song', 'Speechless', NULL, NULL, 'The Fame Monster (Deluxe Edition)', 2009),
  ('Lady Gaga', 'song', 'Dance In The Dark', NULL, NULL, 'The Fame Monster (Deluxe Edition)', 2009),
  ('Lady Gaga', 'song', 'Telephone', true, 'Beyonce', 'The Fame Monster (Deluxe Edition)', 2009),
  ('Lady Gaga', 'song', 'So Happy I Could Die', NULL, NULL, 'The Fame Monster (Deluxe Edition)', 2009),
  ('Lady Gaga', 'song', 'Teeth', NULL, NULL, 'The Fame Monster (Deluxe Edition)', 2009),
  ('Lady Gaga', 'album', '', NULL, NULL, 'Born This Way', 2011),
  ('Lady Gaga', 'song', 'Marry The Night', NULL, NULL, 'Born This Way', 2011),
  ('Lady Gaga', 'song', 'Born This Way', NULL, NULL, 'Born This Way', 2011),
  ('Lady Gaga', 'song', 'Government Hooker', NULL, NULL, 'Born This Way', 2011),
  ('Lady Gaga', 'song', 'Judas', NULL, NULL, 'Born This Way', 2011),
  ('Lady Gaga', 'song', 'Americano', NULL, NULL, 'Born This Way', 2011),
  ('Lady Gaga', 'song', 'Hair', NULL, NULL, 'Born This Way', 2011),
  ('Lady Gaga', 'song', 'ScheiBe', NULL, NULL, 'Born This Way', 2011),
  ('Lady Gaga', 'song', 'Bloody Mary', NULL, NULL, 'Born This Way', 2011),
  ('Lady Gaga', 'song', 'Bad Kids', NULL, NULL, 'Born This Way', 2011),
  ('Lady Gaga', 'song', 'Highway Unicorn (Road To Love)', NULL, NULL, 'Born This Way', 2011),
  ('Lady Gaga', 'song', 'Heavy Metal Lover', NULL, NULL, 'Born This Way', 2011),
  ('Lady Gaga', 'song', 'Electric Chapel', NULL, NULL, 'Born This Way', 2011),
  ('Lady Gaga', 'song', 'You And I', NULL, NULL, 'Born This Way', 2011),
  ('Lady Gaga', 'song', 'The Edge Of Glory', NULL, NULL, 'Born This Way', 2011),
  ('Lady Gaga', 'album', '', NULL, NULL, 'Born This Way (Special Edition)', 2011),
  ('Lady Gaga', 'song', 'Black Jesus + Amen Fashion', NULL, NULL, 'Born This Way (Special Edition)', 2011),
  ('Lady Gaga', 'song', 'Fashion of His Love', NULL, NULL, 'Born This Way (Special Edition)', 2011),
  ('Lady Gaga', 'song', 'The Queen', NULL, NULL, 'Born This Way (Special Edition)', 2011),
  ('Lady Gaga', 'album', '', NULL, NULL, 'ARTPOP', 2013),
  ('Lady Gaga', 'song', 'Aura', NULL, NULL, 'ARTPOP', 2013),
  ('Lady Gaga', 'song', 'Venus', NULL, NULL, 'ARTPOP', 2013),
  ('Lady Gaga', 'song', 'G.U.Y.', NULL, NULL, 'ARTPOP', 2013),
  ('Lady Gaga', 'song', 'Sexxx Dreams', NULL, NULL, 'ARTPOP', 2013),
  ('Lady Gaga', 'song', 'Jewels N'' Drugs', true, 'T.I., Too Short, Twista', 'ARTPOP', 2013),
  ('Lady Gaga', 'song', 'MANiCURE', NULL, NULL, 'ARTPOP', 2013),
  ('Lady Gaga', 'song', 'ARTPOP', NULL, NULL, 'ARTPOP', 2013),
  ('Lady Gaga', 'song', 'Swine', NULL, NULL, 'ARTPOP', 2013),
  ('Lady Gaga', 'song', 'Donatella', NULL, NULL, 'ARTPOP', 2013),
  ('Lady Gaga', 'song', 'Fashion!', NULL, NULL, 'ARTPOP', 2013),
  ('Lady Gaga', 'song', 'Mary Jane Holland', NULL, NULL, 'ARTPOP', 2013),
  ('Lady Gaga', 'song', 'Dope', NULL, NULL, 'ARTPOP', 2013),
  ('Lady Gaga', 'song', 'Gypsy', NULL, NULL, 'ARTPOP', 2013),
  ('Lady Gaga', 'song', 'Applause', NULL, NULL, 'ARTPOP', 2013),
  ('Lady Gaga', 'song', 'Do What U Want', true, 'Christina Aguilera', '', 2013),
  ('Lady Gaga', 'song', 'Til It Happens To You', NULL, NULL, '', 2015),
  ('Lady Gaga', 'album', '', NULL, NULL, 'Joanne', 2016),
  ('Lady Gaga', 'song', 'Diamond Heart', NULL, NULL, 'Joanne', 2016),
  ('Lady Gaga', 'song', 'A-YO', NULL, NULL, 'Joanne', 2016),
  ('Lady Gaga', 'song', 'Joanne', NULL, NULL, 'Joanne', 2016),
  ('Lady Gaga', 'song', 'John Wayne', NULL, NULL, 'Joanne', 2016),
  ('Lady Gaga', 'song', 'Dancin'' in Circles', NULL, NULL, 'Joanne', 2016),
  ('Lady Gaga', 'song', 'Perfect Illusion', NULL, NULL, 'Joanne', 2016),
  ('Lady Gaga', 'song', 'Million Reasons', NULL, NULL, 'Joanne', 2016),
  ('Lady Gaga', 'song', 'Sinner''s Prayer', NULL, NULL, 'Joanne', 2016),
  ('Lady Gaga', 'song', 'Come To Mama', NULL, NULL, 'Joanne', 2016),
  ('Lady Gaga', 'song', 'Hey Girl', true, 'Florence Welch', 'Joanne', 2016),
  ('Lady Gaga', 'song', 'Angel Down', NULL, NULL, 'Joanne', 2016),
  ('Lady Gaga', 'album', '', NULL, NULL, 'Joanne (Deluxe)', 2016),
  ('Lady Gaga', 'song', 'Grigio Girls', NULL, NULL, 'Joanne (Deluxe)', 2016),
  ('Lady Gaga', 'song', 'Just Another Day', NULL, NULL, 'Joanne (Deluxe)', 2016),
  ('Lady Gaga', 'song', 'Angel Down - Work Tape', NULL, NULL, 'Joanne (Deluxe)', 2016),
  ('Lady Gaga', 'song', 'The Cure', NULL, NULL, '', 2017),
  ('Lady Gaga', 'song', 'Your Song', NULL, NULL, '', 2018),
  ('Lady Gaga', 'album', '', NULL, NULL, 'Chromatica', 2020),
  ('Lady Gaga', 'song', 'Chromatica I', NULL, NULL, 'Chromatica', 2020),
  ('Lady Gaga', 'song', 'Alice', NULL, NULL, 'Chromatica', 2020),
  ('Lady Gaga', 'song', 'Stupid Love', NULL, NULL, 'Chromatica', 2020),
  ('Lady Gaga', 'song', 'Rain On Me', true, 'Ariana Grande', 'Chromatica', 2020),
  ('Lady Gaga', 'song', 'Free Woman', NULL, NULL, 'Chromatica', 2020),
  ('Lady Gaga', 'song', 'Fun Tonight', NULL, NULL, 'Chromatica', 2020),
  ('Lady Gaga', 'song', 'Chromatica II', NULL, NULL, 'Chromatica', 2020),
  ('Lady Gaga', 'song', '911', NULL, NULL, 'Chromatica', 2020),
  ('Lady Gaga', 'song', 'Plastic Doll', NULL, NULL, 'Chromatica', 2020),
  ('Lady Gaga', 'song', 'Sour Candy', true, 'BLACKPING', 'Chromatica', 2020),
  ('Lady Gaga', 'song', 'Enigma', NULL, NULL, 'Chromatica', 2020),
  ('Lady Gaga', 'song', 'Replay', NULL, NULL, 'Chromatica', 2020),
  ('Lady Gaga', 'song', 'Chromatica III', NULL, NULL, 'Chromatica', 2020),
  ('Lady Gaga', 'song', 'Sine From Above', true, 'Elton John', 'Chromatica', 2020),
  ('Lady Gaga', 'song', '1000 Doves', NULL, NULL, 'Chromatica', 2020),
  ('Lady Gaga', 'song', 'Babylon', NULL, NULL, 'Chromatica', 2020),
  ('Post Malone', 'album', '', NULL, NULL, 'Stoney', 2016),
  ('Post Malone', 'song', 'Broken Whiskey Glass', NULL, NULL, 'Stoney', 2016),
  ('Post Malone', 'song', 'Big Lie', NULL, NULL, 'Stoney', 2016),
  ('Post Malone', 'song', 'Deja Vu', true, 'Justin Bieber', 'Stoney', 2016),
  ('Post Malone', 'song', 'No Option', NULL, NULL, 'Stoney', 2016),
  ('Post Malone', 'song', 'Cold', NULL, NULL, 'Stoney', 2016),
  ('Post Malone', 'song', 'White Iversion', NULL, NULL, 'Stoney', 2016),
  ('Post Malone', 'song', 'I Fall Apart', NULL, NULL, 'Stoney', 2016),
  ('Post Malone', 'song', 'Patient', NULL, NULL, 'Stoney', 2016),
  ('Post Malone', 'song', 'Go Flex', NULL, NULL, 'Stoney', 2016),
  ('Post Malone', 'song', 'Feel', true, 'Kehlani', 'Stoney', 2016),
  ('Post Malone', 'song', 'Too Young', NULL, NULL, 'Stoney', 2016),
  ('Post Malone', 'song', 'Congratulations', true, 'Quavo', 'Stoney', 2016),
  ('Post Malone', 'song', 'Up There', NULL, NULL, 'Stoney', 2016),
  ('Post Malone', 'song', 'Yours Truly, Austin Post', NULL, NULL, 'Stoney', 2016),
  ('Post Malone', 'album', '', NULL, NULL, 'Stoney (Deluxe)', 2016),
  ('Post Malone', 'song', 'Leave', NULL, NULL, 'Stoney (Deluxe)', 2016),
  ('Post Malone', 'song', 'Hit This Hard', NULL, NULL, 'Stoney (Deluxe)', 2016),
  ('Post Malone', 'song', 'Money Made Me Do It', true, '2 Chainz', 'Stoney (Deluxe)', 2016),
  ('Post Malone', 'song', 'Feeling Whitney', NULL, NULL, 'Stoney (Deluxe)', 2016),
  ('Post Malone', 'album', '', NULL, NULL, 'beerbongs & bentleys', 2018),
  ('Post Malone', 'song', 'Paranoid', NULL, NULL, 'beerbongs & bentleys', 2018),
  ('Post Malone', 'song', 'Spoil My Night', true, 'Swae Lee', 'beerbongs & bentleys', 2018),
  ('Post Malone', 'song', 'Rich & Sad', NULL, NULL, 'beerbongs & bentleys', 2018),
  ('Post Malone', 'song', 'Zack and Codeine', NULL, NULL, 'beerbongs & bentleys', 2018),
  ('Post Malone', 'song', 'Takin'' Shots', NULL, NULL, 'beerbongs & bentleys', 2018),
  ('Post Malone', 'song', 'Rockstar', true, '21 Savage', 'beerbongs & bentleys', 2018),
  ('Post Malone', 'song', 'Over Now', NULL, NULL, 'beerbongs & bentleys', 2018),
  ('Post Malone', 'song', 'Psycho', true, 'Ty Dolla $ign', 'beerbongs & bentleys', 2018),
  ('Post Malone', 'song', 'Better Now', NULL, NULL, 'beerbongs & bentleys', 2018),
  ('Post Malone', 'song', 'Ball For Me', true, 'Nicki Minaj', 'beerbongs & bentleys', 2018),
  ('Post Malone', 'song', 'Otherside', NULL, NULL, 'beerbongs & bentleys', 2018),
  ('Post Malone', 'song', 'Stay', NULL, NULL, 'beerbongs & bentleys', 2018),
  ('Post Malone', 'song', 'Blame It On Me', NULL, NULL, 'beerbongs & bentleys', 2018),
  ('Post Malone', 'song', 'Same Bitches', true, 'G-Eazy, YG', 'beerbongs & bentleys', 2018),
  ('Post Malone', 'song', 'Jonestown (Interlude)', NULL, NULL, 'beerbongs & bentleys', 2018),
  ('Post Malone', 'song', '92 Explorer', NULL, NULL, 'beerbongs & bentleys', 2018),
  ('Post Malone', 'song', 'Candy Paint', NULL, NULL, 'beerbongs & bentleys', 2018),
  ('Post Malone', 'song', 'Sugar Wraith', NULL, NULL, 'beerbongs & bentleys', 2018),
  ('Post Malone', 'album', '', NULL, NULL, 'Hollywood''s Bleeding', 2019),
  ('Post Malone', 'song', 'Hollywood''s Bleeding', NULL, NULL, 'Hollywood''s Bleeding', 2019),
  ('Post Malone', 'song', 'Saint-Tropez', NULL, NULL, 'Hollywood''s Bleeding', 2019),
  ('Post Malone', 'song', 'Enemies', true, 'DaBaby', 'Hollywood''s Bleeding', 2019),
  ('Post Malone', 'song', 'Allergic',  NULL, NULL, 'Hollywood''s Bleeding', 2019),
  ('Post Malone', 'song', 'A Thousand Bad Times', NULL, NULL, 'Hollywood''s Bleeding', 2019),
  ('Post Malone', 'song', 'Circles', NULL, NULL, 'Hollywood''s Bleeding', 2019),
  ('Post Malone', 'song', 'Die for Me', true, 'Future, Halsey', 'Hollywood''s Bleeding', 2019),
  ('Post Malone', 'song', 'On the Road', true, 'Meek Mill, Lil Baby', 'Hollywood''s Bleeding', 2019),
  ('Post Malone', 'song', 'Take What You Want', true, 'Ozzy Osbourne, Travis Scott', 'Hollywood''s Bleeding', 2019),
  ('Post Malone', 'song', 'I''m Gonna Be', NULL, NULL, 'Hollywood''s Bleeding', 2019),
  ('Post Malone', 'song', 'Staring at the Sun', true, 'SZA', 'Hollywood''s Bleeding', 2019),
  ('Post Malone', 'song', 'Sunflower', true, 'Swae Lee', 'Hollywood''s Bleeding', 2019),
  ('Post Malone', 'song', 'Internet', NULL, NULL, 'Hollywood''s Bleeding', 2019),
  ('Post Malone', 'song', 'Goodbyes', true, 'Young Thug', 'Hollywood''s Bleeding', 2019),
  ('Post Malone', 'song', 'Myself', NULL, NULL, 'Hollywood''s Bleeding', 2019),
  ('Post Malone', 'song', 'I Know', NULL, NULL, 'Hollywood''s Bleeding', 2019),
  ('Post Malone', 'song', 'Wow.', NULL, NULL, 'Hollywood''s Bleeding', 2019),
  ('Post Malone', 'song', 'Only Wanna Be with You', NULL, NULL, '', 2021),
  ('Melanie Martinez', 'album', '', NULL, NULL, 'Cry Baby', 2015),
  ('Melanie Martinez', 'song', 'Cry Baby', NULL, NULL, 'Cry Baby', 2015),
  ('Melanie Martinez', 'song', 'Dollhouse', NULL, NULL, 'Cry Baby', 2015),
  ('Melanie Martinez', 'song', 'Sippy Cup', NULL, NULL, 'Cry Baby', 2015),
  ('Melanie Martinez', 'song', 'Carousel', NULL, NULL, 'Cry Baby', 2015),
  ('Melanie Martinez', 'song', 'Alphabet Boy', NULL, NULL, 'Cry Baby', 2015),
  ('Melanie Martinez', 'song', 'Soap', NULL, NULL, 'Cry Baby', 2015),
  ('Melanie Martinez', 'song', 'Training Wheels', NULL, NULL, 'Cry Baby', 2015),
  ('Melanie Martinez', 'song', 'Pity Party', NULL, NULL, 'Cry Baby', 2015),
  ('Melanie Martinez', 'song', 'Tag, You''re It', NULL, NULL, 'Cry Baby', 2015),
  ('Melanie Martinez', 'song', 'Milk and Cookies', NULL, NULL, 'Cry Baby', 2015),
  ('Melanie Martinez', 'song', 'Pacify Her', NULL, NULL, 'Cry Baby', 2015),
  ('Melanie Martinez', 'song', 'Mrs. Potato Head', NULL, NULL, 'Cry Baby', 2015),
  ('Melanie Martinez', 'song', 'Mad Hatter', NULL, NULL, 'Cry Baby', 2015),
  ('Melanie Martinez', 'album', '', NULL, NULL, 'Cry Baby (Deluxe Edition)', 2015),
  ('Melanie Martinez', 'song', 'Play Date', NULL, NULL, 'Cry Baby (Deluxe Edition)', 2015),
  ('Melanie Martinez', 'song', 'Teddy Bear', NULL, NULL, 'Cry Baby (Deluxe Edition)', 2015),
  ('Melanie Martinez', 'song', 'Cake', NULL, NULL, 'Cry Baby (Deluxe Edition)', 2015),
  ('Melanie Martinez', 'song', 'Gingerbread Man', NULL, NULL, '', 2016),
  ('Melanie Martinez', 'song', 'Piggyback', NULL, NULL, '', 2017),
  ('Melanie Martinez', 'album', '', NULL, NULL, 'K-12', 2019),
  ('Melanie Martinez', 'song', 'Wheels on the Bus', NULL, NULL, 'K-12', 2019),
  ('Melanie Martinez', 'song', 'Class Fight', NULL, NULL, 'K-12', 2019),
  ('Melanie Martinez', 'song', 'The Principal', NULL, NULL, 'K-12', 2019),
  ('Melanie Martinez', 'song', 'Show & Tell', NULL, NULL, 'K-12', 2019),
  ('Melanie Martinez', 'song', 'Nurse''s Office', NULL, NULL, 'K-12', 2019),
  ('Melanie Martinez', 'song', 'Drama Club', NULL, NULL, 'K-12', 2019),
  ('Melanie Martinez', 'song', 'Strawberry Shortcake', NULL, NULL, 'K-12', 2019),
  ('Melanie Martinez', 'song', 'Lunchbox Friends', NULL, NULL, 'K-12', 2019),
  ('Melanie Martinez', 'song', 'Orange Juice', NULL, NULL, 'K-12', 2019),
  ('Melanie Martinez', 'song', 'Detention', NULL, NULL, 'K-12', 2019),
  ('Melanie Martinez', 'song', 'Teacher''s Pet', NULL, NULL, 'K-12', 2019),
  ('Melanie Martinez', 'song', 'High School Sweethearts', NULL, NULL, 'K-12', 2019),
  ('Melanie Martinez', 'song', 'Recess', NULL, NULL, 'K-12', 2019),
  ('Melanie Martinez', 'song', 'Copy Cat', true, 'Tierra Whack', '', 2020),
  ('Melanie Martinez', 'song', 'Fire Drill', NULL, NULL, '', 2020),
  ('Melanie Martinez', 'album', '', NULL, NULL, 'K-12 (After School - Deluxe Edition', 2020),
  ('Melanie Martinez', 'song', 'Notebook', NULL, NULL, 'K-12 (After School - Deluxe Edition', 2020),
  ('Melanie Martinez', 'song', 'Test Me', NULL, NULL, 'K-12 (After School - Deluxe Edition', 2020),
  ('Melanie Martinez', 'song', 'Brain & Heart', NULL, NULL, 'K-12 (After School - Deluxe Edition', 2020),
  ('Melanie Martinez', 'song', 'Numbers', NULL, NULL, 'K-12 (After School - Deluxe Edition', 2020),
  ('Melanie Martinez', 'song', 'Glued', NULL, NULL, 'K-12 (After School - Deluxe Edition', 2020),
  ('Melanie Martinez', 'song', 'Field Trip', NULL, NULL, 'K-12 (After School - Deluxe Edition', 2020),
  ('Melanie Martinez', 'song', 'The Bakery', NULL, NULL, 'K-12 (After School - Deluxe Edition', 2020),
  ('Travis Scott', 'ep', '', NULL, NULL, 'Owl Pharaoh', 2013),
  ('Travis Scott', 'song', 'Meadow Creek', NULL, NULL, 'Owl Pharaoh', 2013),
  ('Travis Scott', 'song', 'Bad Mood / Shit on You', NULL, NULL, 'Owl Pharaoh', 2013),
  ('Travis Scott', 'song', 'Upper Echelon', true, 'T.I., 2 Chainz', 'Owl Pharaoh', 2013),
  ('Travis Scott', 'song', 'Uptown', true, 'A$AP Ferg', 'Owl Pharaoh', 2013),
  ('Travis Scott', 'song', 'Hell of a Night', NULL, NULL, 'Owl Pharaoh', 2013),
  ('Travis Scott', 'song', 'Blocka La Flame', NULL, NULL, 'Owl Pharaoh', 2013),
  ('Travis Scott', 'song', 'Naked', NULL, NULL, 'Owl Pharaoh', 2013),
  ('Travis Scott', 'song', 'Dance on the Moon', true, 'Theophilus London, Paul Wall', 'Owl Pharaoh', 2013),
  ('Travis Scott', 'song', 'MIA', NULL, NULL, 'Owl Pharaoh', 2013),
  ('Travis Scott', 'song', 'Drive', true, 'James Fauntleroy', 'Owl Pharaoh', 2013),
  ('Travis Scott', 'song', 'Quintana', true, 'Wale', 'Owl Pharaoh', 2013),
  ('Travis Scott', 'song', 'Bandz', true, 'Meek Mill', 'Owl Pharaoh', 2013),
  ('Travis Scott', 'ep', '', NULL, NULL, 'Days Before Rodeo', 2014),
  ('Travis Scott', 'song', 'Days Before Rodeo: The Prayer', NULL, NULL, 'Days Before Rodeo', 2014),
  ('Travis Scott', 'song', 'Mamacita', true, 'Rich Homie Quan, Young Thug', 'Days Before Rodeo', 2014),
  ('Travis Scott', 'song', 'Quintana Pt. 2', NULL, NULL, 'Days Before Rodeo', 2014),
  ('Travis Scott', 'song', 'Drugs You Should Try It', NULL, NULL, 'Days Before Rodeo', 2014),
  ('Travis Scott', 'song', 'Don''t Play', true, 'Big Sean, The 1975', 'Days Before Rodeo', 2014),
  ('Travis Scott', 'song', 'Skyfall', true, 'Young Thug', 'Days Before Rodeo', 2014),
  ('Travis Scott', 'song', 'Zombies', NULL, NULL, 'Days Before Rodeo', 2014),
  ('Travis Scott', 'song', 'Sloppy Toppy', true, 'Migos, Peewee Longway', 'Days Before Rodeo', 2014),
  ('Travis Scott', 'song', 'Basement Freestyle', NULL, NULL, 'Days Before Rodeo', 2014),
  ('Travis Scott', 'song', 'Backyard', NULL, NULL, 'Days Before Rodeo', 2014),
  ('Travis Scott', 'song', 'Grey', NULL, NULL, 'Days Before Rodeo', 2014),
  ('Travis Scott', 'song', 'BACC', NULL, NULL, 'Days Before Rodeo', 2014),
  ('Travis Scott', 'album', '', NULL, NULL, 'Rodeo', 2015),
  ('Travis Scott', 'song', 'Pornography', NULL, NULL, 'Rodeo', 2015),
  ('Travis Scott', 'song', 'Oh My Dis Side', true, 'Quavo', 'Rodeo', 2015),
  ('Travis Scott', 'song', '3500', true, 'Future, 2 Chainz', 'Rodeo', 2015),
  ('Travis Scott', 'song', 'Wasted', true, 'Juicy J', 'Rodeo', 2015),
  ('Travis Scott', 'song', '90210', true, 'Kacy Hill', 'Rodeo', 2015),
  ('Travis Scott', 'song', 'Pray 4 Love', true, 'The Weeknd', 'Rodeo', 2015),
  ('Travis Scott', 'song', 'Nightcrawler', true, 'Swae Lee, Chief Keef', 'Rodeo', 2015),
  ('Travis Scott', 'song', 'Piss on Your Grave', true, 'Kanye West', 'Rodeo', 2015),
  ('Travis Scott', 'song', 'Antidote', NULL, NULL, 'Rodeo', 2015),
  ('Travis Scott', 'song', 'Impossible', NULL, NULL, 'Rodeo', 2015),
  ('Travis Scott', 'song', 'Maria I''m Drunk', true, 'Justin Bieber, Young Thug', 'Rodeo', 2015),
  ('Travis Scott', 'song', 'Flying High', true, 'Toro y Moi', 'Rodeo', 2015),
  ('Travis Scott', 'song', 'I Can Tell', NULL, NULL, 'Rodeo', 2015),
  ('Travis Scott', 'song', 'Apple Pie', NULL, NULL, 'Rodeo', 2015),
  ('Travis Scott', 'album', '', NULL, NULL, 'Rodeo (Expanded Edition)', 2015),
  ('Travis Scott', 'song', 'Ok Alright', true, 'Schoolboy Q', 'Rodeo (Expanded Edition)', 2015),
  ('Travis Scott', 'song', 'Never Catch Me', NULL, NULL, 'Rodeo (Expanded Edition)', 2015),
  ('Travis Scott', 'song', 'A-Team', NULL, NULL, '', 2016),
  ('Travis Scott', 'album', '', NULL, NULL, 'Birds in the Trap Sing McKnight', 2016),
  ('Travis Scott', 'song', 'The Ends', true, 'Andre 3000', 'Birds in the Trap Sing McKnight', 2016),
  ('Travis Scott', 'song', 'Way Back', true, 'Kid Cudi, Swizz Beatz', 'Birds in the Trap Sing McKnight', 2016),
  ('Travis Scott', 'song', 'Coordinate', true, 'Blac Youngsta', 'Birds in the Trap Sing McKnight', 2016),
  ('Travis Scott', 'song', 'Through the Late Night', true, 'Kid Cudi', 'Birds in the Trap Sing McKnight', 2016),
  ('Travis Scott', 'song', 'Beibs in the Trap', true, 'Nav', 'Birds in the Trap Sing McKnight', 2016),
  ('Travis Scott', 'song', 'SDP Interlude', true, 'Cassie', 'Birds in the Trap Sing McKnight', 2016),
  ('Travis Scott', 'song', 'Sweet Sweet', NULL, NULL, 'Birds in the Trap Sing McKnight', 2016),
  ('Travis Scott', 'song', 'Outside', true, '21 Savage', 'Birds in the Trap Sing McKnight', 2016),
  ('Travis Scott', 'song', 'Goosebumps', true, 'Kendrick Lamar', 'Birds in the Trap Sing McKnight', 2016),
  ('Travis Scott', 'song', 'First Take', true, 'Bryson Tiller', 'Birds in the Trap Sing McKnight', 2016),
  ('Travis Scott', 'song', 'Pick Up the Phone', true, 'Young Thug, Quavo', 'Birds in the Trap Sing McKnight', 2016),
  ('Travis Scott', 'song', 'Lose', true, 'Cassie', 'Birds in the Trap Sing McKnight', 2016),
  ('Travis Scott', 'song', 'Guidance', true, 'K. Forest', 'Birds in the Trap Sing McKnight', 2016),
  ('Travis Scott', 'song', 'Wonderful', true, 'The Weeknd', 'Birds in the Trap Sing McKnight', 2016),
  ('Travis Scott', 'song', 'Go Off', true, 'Lil Uzi Vert, Quavo', '', 2017),
  ('Travis Scott', 'album', '', NULL, NULL, 'ASTROWORLD', 2017),
  ('Travis Scott', 'song', 'STARGAZING', NULL, NULL, 'ASTROWORLD', 2017),
  ('Travis Scott', 'song', 'CAROUSEL', true, 'Frank Ocean', 'ASTROWORLD', 2017),
  ('Travis Scott', 'song', 'SICKO MODE', true, 'Drake, Swae Lee, Big Hawk', 'ASTROWORLD', 2017),
  ('Travis Scott', 'song', 'R.I.P. SCREW', true, 'Swae Lee', 'ASTROWORLD', 2017),
  ('Travis Scott', 'song', 'STOP TRYING TO BE GOD', true, 'Philip Bailey, James Blake, Kid Cudi, BJ the Chicago Kid', 'ASTROWORLD', 2017),
  ('Travis Scott', 'song', 'NO BYSTANDERS', true, 'Sheck Wes, Juice WRLD', 'ASTROWORLD', 2017),
  ('Travis Scott', 'song', 'SKELETONS', true, 'Tame Impala, The Weeknd, Pharrell', 'ASTROWORLD', 2017),
  ('Travis Scott', 'song', 'WAKE UP', true, 'The Weeknd', 'ASTROWORLD', 2017),
  ('Travis Scott', 'song', '5% TINT', NULL, NULL, 'ASTROWORLD', 2017),
  ('Travis Scott', 'song', 'NC-17', true, '21 Savage', 'ASTROWORLD', 2017),
  ('Travis Scott', 'song', 'ASTROTHUNDER', NULL, NULL, 'ASTROWORLD', 2017),
  ('Travis Scott', 'song', 'YOSEMITE', true, 'Gunna, Nav', 'ASTROWORLD', 2017),
  ('Travis Scott', 'song', 'CAN''T SAY', true, 'Don Toliver', 'ASTROWORLD', 2017),
  ('Travis Scott', 'song', 'WHO? WHAT!', true, 'Quavo, Takeoff', 'ASTROWORLD', 2017),
  ('Travis Scott', 'song', 'BUTTERFLY EFFECT', NULL, NULL, 'ASTROWORLD', 2017),
  ('Travis Scott', 'song', 'HOUSTONFORNICATION', NULL, NULL, 'ASTROWORLD', 2017),
  ('Travis Scott', 'song', 'COFFEE BEAN', NULL, NULL, 'ASTROWORLD', 2017),
  ('Travis Scott', 'song', 'Watch', true, 'Lil Uzi Vert, Kanye West', '', 2018),
  ('Travis Scott', 'song', 'HIGHEST IN THE ROOM', NULL, NULL, '', 2019),
  ('Travis Scott', 'song', 'THE SCOTTS', true, 'Kid Cudi', '', 2020),
  ('Travis Scott', 'song', 'The Plan', NULL, NULL, '', 2020),
  ('Travis Scott', 'song', 'FRANCHISE', true, 'Young Thug, M.I.A.', '', 2020),
  ('Sam Smith', 'album', '', NULL, NULL, 'In the Lonely Hour', 2014),
  ('Sam Smith', 'song', 'Money on My Mind', NULL, NULL, 'In the Lonely Hour', 2014),
  ('Sam Smith', 'song', 'Good Thing', NULL, NULL, 'In the Lonely Hour', 2014),
  ('Sam Smith', 'song', 'Stay with Me', NULL, NULL, 'In the Lonely Hour', 2014),
  ('Sam Smith', 'song', 'Leave Your Lover', NULL, NULL, 'In the Lonely Hour', 2014),
  ('Sam Smith', 'song', 'I''m Not the Only One', NULL, NULL, 'In the Lonely Hour', 2014),
  ('Sam Smith', 'song', 'I''ve Told You Now', NULL, NULL, 'In the Lonely Hour', 2014),
  ('Sam Smith', 'song', 'Like I Can', NULL, NULL, 'In the Lonely Hour', 2014),
  ('Sam Smith', 'song', 'Life Support', NULL, NULL, 'In the Lonely Hour', 2014),
  ('Sam Smith', 'song', 'Not in That Way', NULL, NULL, 'In the Lonely Hour', 2014),
  ('Sam Smith', 'song', 'Lay Me Down', NULL, NULL, 'In the Lonely Hour', 2014),
  ('Sam Smith', 'album', '', NULL, NULL, 'In the Lonely Hour (Drowning Shadows Edition)', 2015),
  ('Sam Smith', 'song', 'Restart', NULL, NULL, 'In the Lonely Hour (Drowning Shadows Edition)', 2015),
  ('Sam Smith', 'song', 'Latch (Acoustic)', NULL, NULL, 'In the Lonely Hour (Drowning Shadows Edition)', 2015),
  ('Sam Smith', 'song', 'La La La', true, 'Naughty Boy', 'In the Lonely Hour (Drowning Shadows Edition)', 2015),
  ('Sam Smith', 'song', 'Make It to Me', NULL, NULL, 'In the Lonely Hour (Drowning Shadows Edition)', 2015),
  ('Sam Smith', 'song', 'Drowning Shadows', NULL, NULL, 'In the Lonely Hour (Drowning Shadows Edition)', 2015),
  ('Sam Smith', 'song', 'Love Is a Losing Game', NULL, NULL, 'In the Lonely Hour (Drowning Shadows Edition)', 2015),
  ('Sam Smith', 'song', 'Nirvana', NULL, NULL, 'In the Lonely Hour (Drowning Shadows Edition)', 2015),
  ('Sam Smith', 'song', 'How Will I Know', NULL, NULL, 'In the Lonely Hour (Drowning Shadows Edition)', 2015),
  ('Sam Smith', 'song', 'Omen (Acoustic)', NULL, NULL, 'In the Lonely Hour (Drowning Shadows Edition)', 2015),
  ('Sam Smith', 'song', 'Writing''s on the Wall', NULL, NULL, '', 2015),
  ('Sam Smith', 'album', '', NULL, NULL, 'The Thrill of It All', 2017),
  ('Sam Smith', 'song', 'Too Good a Goodbyes', NULL, NULL, 'The Thrill of It All', 2017),
  ('Sam Smith', 'song', 'Say It First', NULL, NULL, 'The Thrill of It All', 2017),
  ('Sam Smith', 'song', 'One Last Song', NULL, NULL, 'The Thrill of It All', 2017),
  ('Sam Smith', 'song', 'Midnight Train', NULL, NULL, 'The Thrill of It All', 2017),
  ('Sam Smith', 'song', 'Burning', NULL, NULL, 'The Thrill of It All', 2017),
  ('Sam Smith', 'song', 'HIM', NULL, NULL, 'The Thrill of It All', 2017),
  ('Sam Smith', 'song', 'Baby, You Make Me Crazy', NULL, NULL, 'The Thrill of It All', 2017),
  ('Sam Smith', 'song', 'No Peace', true, 'Yabba', 'The Thrill of It All', 2017),
  ('Sam Smith', 'song', 'Palace', NULL, NULL, 'The Thrill of It All', 2017),
  ('Sam Smith', 'song', 'Pray', NULL, NULL, 'The Thrill of It All', 2017),
  ('Sam Smith', 'album', '', NULL, NULL, 'The Thrill of It All (Special Edition)', 2017),
  ('Sam Smith', 'song', 'Nothing Left for You', NULL, NULL, 'The Thrill of It All (Special Edition)', 2017),
  ('Sam Smith', 'song', 'The Thrill of It All', NULL, NULL, 'The Thrill of It All (Special Edition)', 2017),
  ('Sam Smith', 'song', 'Scars', NULL, NULL, 'The Thrill of It All (Special Edition)', 2017),
  ('Sam Smith', 'song', 'One Day at a Time', NULL, NULL, 'The Thrill of It All (Special Edition)', 2017),
  ('Sam Smith', 'album', '', NULL, NULL, 'Love Goes', 2020),
  ('Sam Smith', 'song', 'Young', NULL, NULL, 'Love Goes', 2020),
  ('Sam Smith', 'song', 'Diamonds', NULL, NULL, 'Love Goes', 2020),
  ('Sam Smith', 'song', 'Another One', NULL, NULL, 'Love Goes', 2020),
  ('Sam Smith', 'song', 'My Oasis', true, 'Burna Boy', 'Love Goes', 2020),
  ('Sam Smith', 'song', 'So Serious', NULL, NULL, 'Love Goes', 2020),
  ('Sam Smith', 'song', 'Dance (''Til You Love Someone Else)', NULL, NULL, 'Love Goes', 2020),
  ('Sam Smith', 'song', 'For the Lover That I Lost', NULL, NULL, 'Love Goes', 2020),
  ('Sam Smith', 'song', 'Breaking Hearts', NULL, NULL, 'Love Goes', 2020),
  ('Sam Smith', 'song', 'Forgive Myself', NULL, NULL, 'Love Goes', 2020),
  ('Sam Smith', 'song', 'Love Goes', true, 'Labrinth', 'Love Goes', 2020),
  ('Sam Smith', 'song', 'Kids Again', NULL, NULL, 'Love Goes', 2020),
  ('Sam Smith', 'song', 'Dancing with a Stranger', true, 'Normani', 'Love Goes', 2020),
  ('Sam Smith', 'song', 'How Do You Sleep', NULL, NULL, 'Love Goes', 2020),
  ('Sam Smith', 'song', 'To Die For', NULL, NULL, 'Love Goes', 2020),
  ('Sam Smith', 'song', 'I''m Ready', true, 'Demi Lovato', 'Love Goes', 2020),
  ('Sam Smith', 'song', 'Fire on Fire', NULL, NULL, 'Love Goes', 2020),
  ('Sam Smith', 'song', 'Promises', true, 'Calvin Harris', 'Love Goes', 2020),
  ('Sam Smith', 'song', 'The Lighthouse Keeper', NULL, NULL, '', 2020),
  ('Tyler, the Creator', 'ep', '', NULL, NULL, 'Bastard', 2009),
  ('Tyler, the Creator', 'song', 'Bastard', NULL, NULL, 'Bastard', 2009),
  ('Tyler, the Creator', 'song', 'Seven', NULL, NULL, 'Bastard', 2009),
  ('Tyler, the Creator', 'song', 'Odd Toddlers', true, 'Casey Veggies', 'Bastard', 2009),
  ('Tyler, the Creator', 'song', 'French!', true, 'Hodgy Beats', 'Bastard', 2009),
  ('Tyler, the Creator', 'song', 'Blow', true, 'Syd the Kyd', 'Bastard', 2009),
  ('Tyler, the Creator', 'song', 'Pigs Fly', true, 'Domo Genesis', 'Bastard', 2009),
  ('Tyler, the Creator', 'song', 'Parade', NULL, NULL, 'Bastard', 2009),
  ('Tyler, the Creator', 'song', 'Slow It Down', true, 'Hodgy Beats', 'Bastard', 2009),
  ('Tyler, the Creator', 'song', 'AssMilk', true, 'Earl Sweatshirt', 'Bastard', 2009),
  ('Tyler, the Creator', 'song', 'VCR / Wheels', NULL, NULL, 'Bastard', 2009),
  ('Tyler, the Creator', 'song', 'Session', true, 'Hodgy Beats, branUn DeShay, Mike G', 'Bastard', 2009),
  ('Tyler, the Creator', 'song', 'Sarah', NULL, NULL, 'Bastard', 2009),
  ('Tyler, the Creator', 'song', 'Jack and the Beanstalk', NULL, NULL, 'Bastard', 2009),
  ('Tyler, the Creator', 'song', 'Tina', true, 'Jasper Dolphin, Taco', 'Bastard', 2009),
  ('Tyler, the Creator', 'song', 'Inglorious', NULL, NULL, 'Bastard', 2009),
  ('Tyler, the Creator', 'album', '', NULL, NULL, 'Goblin', 2011),
  ('Tyler, the Creator', 'song', 'Goblin', NULL, NULL, 'Goblin', 2011),
  ('Tyler, the Creator', 'song', 'Yonkers', NULL, NULL, 'Goblin', 2011),
  ('Tyler, the Creator', 'song', 'Radicals', NULL, NULL, 'Goblin', 2011),
  ('Tyler, the Creator', 'song', 'She', true, 'Frank Ocean', 'Goblin', 2011),
  ('Tyler, the Creator', 'song', 'Transylvania', NULL, NULL, 'Goblin', 2011),
  ('Tyler, the Creator', 'song', 'Nightmare', NULL, NULL, 'Goblin', 2011),
  ('Tyler, the Creator', 'song', 'Tron Cat', NULL, NULL, 'Goblin', 2011),
  ('Tyler, the Creator', 'song', 'Her', NULL, NULL, 'Goblin', 2011),
  ('Tyler, the Creator', 'song', 'Sandwitches', true, 'Hodgy Beats', 'Goblin', 2011),
  ('Tyler, the Creator', 'song', 'Fish', NULL, NULL, 'Goblin', 2011),
  ('Tyler, the Creator', 'song', 'Analog', true, 'Hodgy Beats', 'Goblin', 2011),
  ('Tyler, the Creator', 'song', 'Bitch Suck Dick', true, 'Jasper Dolphin, Taco', 'Goblin', 2011),
  ('Tyler, the Creator', 'song', 'Window', true, 'Domo Genesis, Frank Ocean, Hodgy Beats, MIke G', 'Goblin', 2011),
  ('Tyler, the Creator', 'song', 'AU79', NULL, NULL, 'Goblin', 2011),
  ('Tyler, the Creator', 'song', 'Golden', NULL, NULL, 'Goblin', 2011),
  ('Tyler, the Creator', 'song', 'Burger', true, 'Hodgy Beats', 'Goblin', 2011),
  ('Tyler, the Creator', 'song', 'Untitled 63', NULL, NULL, 'Goblin', 2011),
  ('Tyler, the Creator', 'song', 'Steak Sauce', NULL, NULL, 'Goblin', 2011),
  ('Tyler, the Creator', 'album', '', NULL, NULL, 'Wolf', 2013),
  ('Tyler, the Creator', 'song', 'Wolf', NULL, NULL, 'Wolf', 2013),
  ('Tyler, the Creator', 'song', 'Jamba', true, 'Hodgy Beats', 'Wolf', 2013),
  ('Tyler, the Creator', 'song', 'Cowboy', NULL, NULL, 'Wolf', 2013),
  ('Tyler, the Creator', 'song', 'Awkward', true, 'Frank Ocean', 'Wolf', 2013),
  ('Tyler, the Creator', 'song', 'Domo23', NULL, NULL, 'Wolf', 2013),
  ('Tyler, the Creator', 'song', 'Answer', NULL, NULL, 'Wolf', 2013),
  ('Tyler, the Creator', 'song', 'Slater', true, 'Frank Ocean', 'Wolf', 2013),
  ('Tyler, the Creator', 'song', '48', true, 'Frank Ocean', 'Wolf', 2013),
  ('Tyler, the Creator', 'song', 'Colossus', NULL, NULL, 'Wolf', 2013),
  ('Tyler, the Creator', 'song', 'PartyIsntOver / Campfire / Bimmer', true, 'Laetitia Sadier, Frank Ocean, Elijah Hall, Jaslyn Leonti, Parys Hall', 'Wolf', 2013),
  ('Tyler, the Creator', 'song', 'IFHY', true, 'Pharrell', 'Wolf', 2013),
  ('Tyler, the Creator', 'song', 'Pigs', NULL, NULL, 'Wolf', 2013),
  ('Tyler, the Creator', 'song', 'Parking Lot', true, 'Casey Veggies, Mike G', 'Wolf', 2013),
  ('Tyler, the Creator', 'song', 'Rusty', true, 'Domo Genesis, Earl Sweatshirt', 'Wolf', 2013),
  ('Tyler, the Creator', 'song', 'Trashwang', true, 'Na''kel, Jasper, Lucas, L-Boy, Taco, Left Brain, Lee Spielman', 'Wolf', 2013),
  ('Tyler, the Creator', 'song', 'Treehome95', true, 'Coco O., Erykah Badu', 'Wolf', 2013),
  ('Tyler, the Creator', 'song', 'Tamale', true, 'Tallulah', 'Wolf', 2013),
  ('Tyler, the Creator', 'song', 'Long', NULL, NULL, 'Wolf', 2013),
  ('Tyler, the Creator', 'album', '', NULL, NULL, 'Cherry Bomb', 2015),
  ('Tyler, the Creator', 'song', 'DEATHCAMP', true, 'Cole Alexander', 'Cherry Bomb', 2015),
  ('Tyler, the Creator', 'song', 'BUFFALO', true, 'Shane Powers', 'Cherry Bomb', 2015),
  ('Tyler, the Creator', 'song', 'PILOT', true, 'Syd Bennett', 'Cherry Bomb', 2015),
  ('Tyler, the Creator', 'song', 'RUN', true, 'Chaz Bundick, Schoolboy Q', 'Cherry Bomb', 2015),
  ('Tyler, the Creator', 'song', 'FIND YOUR WINGS', true, 'Roy Ayers, Syd Bennett, Kali Uchis, Tiffany Palmer, Onitsha Shaw, Samantha Nelson', 'Cherry Bomb', 2015),
  ('Tyler, the Creator', 'song', 'CHERRY BOMB', NULL, NULL, 'Cherry Bomb', 2015),
  ('Tyler, the Creator', 'song', 'BLOW MY LOAD', true, 'Wanya Morris, Dam-Funk, Austin Feinstein, Syd Bennett, Shane Powers', 'Cherry Bomb', 2015),
  ('Tyler, the Creator', 'song', '2SEATER', true, 'Aaron Shaw, Samantha Nelson, Austin Feinstein, Crystal Anne Tillman', 'Cherry Bomb', 2015),
  ('Tyler, the Creator', 'song', 'THE BROWN STAINS OF DARKEESE LATIFAH PART 6-12 (Remix)', true, 'Schoolboy Q', 'Cherry Bomb', 2015),
  ('Tyler, the Creator', 'song', 'FUCKING YOUNG / PERFECT', true, 'Charlie Wilson, Chaz Bundick, Syd Bennett, Kali Uchis', 'Cherry Bomb', 2015),
  ('Tyler, the Creator', 'song', 'SMUCKERS', true, 'Lil Wayne, Kanye West, Samantha Nelson', 'Cherry Bomb', 2015),
  ('Tyler, the Creator', 'song', 'KEEP DA O''S', true, 'Pharrell Williams, Coco O.', 'Cherry Bomb', 2015),
  ('Tyler, the Creator', 'song', 'OKAGA, CA', true, 'Alice Smith, Leon Ware, Clem Creevy', 'Cherry Bomb', 2015),
  ('Tyler, the Creator', 'album', '', NULL, NULL, 'Flower Boy', 2017),
  ('Tyler, the Creator', 'song', 'Foreword', true, 'Rex Orange County', 'Flower Boy', 2017),
  ('Tyler, the Creator', 'song', 'Where This Flower Blooms', true, 'Frank Ocean', 'Flower Boy', 2017),
  ('Tyler, the Creator', 'song', 'Sometimes...', NULL, NULL, 'Flower Boy', 2017),
  ('Tyler, the Creator', 'song', 'See You Again', true, 'Kali Uchis', 'Flower Boy', 2017),
  ('Tyler, the Creator', 'song', 'Who Dat Boy', true, 'A$AP Rocky', 'Flower Boy', 2017),
  ('Tyler, the Creator', 'song', 'Pothole',  true, 'Jaden Smith', 'Flower Boy', 2017),
  ('Tyler, the Creator', 'song', 'Garden Shed', true, 'Estelle', 'Flower Boy', 2017),
  ('Tyler, the Creator', 'song', 'Boredom', true, 'Rex Orange County, Anna of the North', 'Flower Boy', 2017),
  ('Tyler, the Creator', 'song', 'I Ain''t Got Time!', NULL, NULL, 'Flower Boy', 2017),
  ('Tyler, the Creator', 'song', '911 / Mr. Lonely', true, 'Frank Ocean, Steve Lacy', 'Flower Boy', 2017),
  ('Tyler, the Creator', 'song', 'Droppin'' Seeds', true, 'Lil Wayne', 'Flower Boy', 2017),
  ('Tyler, the Creator', 'song', 'November', NULL, NULL, 'Flower Boy', 2017),
  ('Tyler, the Creator', 'song', 'Glitter', NULL, NULL, 'Flower Boy', 2017),
  ('Tyler, the Creator', 'song', 'Enjoy Right Now, Today', NULL, NULL, 'Flower Boy', 2017),
  ('Tyler, the Creator', 'song', 'Okra', NULL, NULL, '', 2018),
  ('Tyler, the Creator', 'song', '435', NULL, NULL, '', 2018),
  ('Tyler, the Creator', 'song', 'Peach Fuzz', NULL, NULL, '', 2018),
  ('Tyler, the Creator', 'song', 'Potato Salad', true, 'A$AP Rocky', '', 2018),
  ('Tyler, the Creator', 'album', '', NULL, NULL, 'IGOR', 2019),
  ('Tyler, the Creator', 'song', 'IGOR''S THEME', true, 'Lil Uzi Vert', 'IGOR', 2019),
  ('Tyler, the Creator', 'song', 'EARFQUAKE', true, 'Playboi Carti', 'IGOR', 2019),
  ('Tyler, the Creator', 'song', 'I THINK', true, 'Solange', 'IGOR', 2019),
  ('Tyler, the Creator', 'song', 'EXACTLY WHAT YOU RUN FROM YOU END UP CHASING', true, 'Jerrod Carmichael', 'IGOR', 2019),
  ('Tyler, the Creator', 'song', 'RUNNING OUT OF TIME', NULL, NULL, 'IGOR', 2019),
  ('Tyler, the Creator', 'song', 'NEW MAGIC WAND', NULL, NULL, 'IGOR', 2019),
  ('Tyler, the Creator', 'song', 'A BOY IS A GUN*', NULL, NULL, 'IGOR', 2019),
  ('Tyler, the Creator', 'song', 'PUPPET', true, 'Kanye West', 'IGOR', 2019),
  ('Tyler, the Creator', 'song', 'WHAT''S GOOD', NULL, NULL, 'IGOR', 2019),
  ('Tyler, the Creator', 'song', 'GONE, GONE / THANK YOU', NULL, NULL, 'IGOR', 2019),
  ('Tyler, the Creator', 'song', 'I DON''T LOVE YOU ANYMORE', NULL, NULL, 'IGOR', 2019),
  ('Tyler, the Creator', 'song', 'ARE WE STILL FRIENDS?', NULL, NULL, 'IGOR', 2019),
  ('Tyler, the Creator', 'song', 'Best Interest', NULL, NULL, '', 2020),
  ('Tyler, the Creator', 'song', 'Group B', NULL, NULL, '', 2020),
  ('Tyler, the Creator', 'song', 'Tell Me How', NULL, NULL, '', 2021)
;

DROP TABLE IF EXISTS riaa_certifications;
CREATE TABLE riaa_certifications (
  media_id int PRIMARY KEY REFERENCES music_catalog (id) NOT NULL,
  riaa_cert varchar(100) DEFAULT NULL
);

INSERT INTO riaa_certifications (media_id, riaa_cert) VALUES
  (1, 'Gold'),
  (2, 'Platinum'),
  (3, '3x Multi-Platinum'),
  (4, '2x Multi-Platinum'),
  (5, 'Platinum'),
  (6, 'Platinum'),
  (7, '2x Multi-Platinum'),
  (8, 'Platinum'),
  (9, 'Gold'),
  (10, 'Platinum'),
  (11, 'Gold'),
  (12, 'Gold'),
  (13, 'Platinum'),
  (14, '2x Multi-Platinum'),
  (17, '3x Multi-Platinum'),
  (19, '6x Multi-Platinum'),
  (20, 'Platinum'),
  (21, '2x Multi-Platinum'),
  (22, 'Platinum'),
  (23, 'Platinum'),
  (24, '4x Multi-Platinum'),
  (25, 'Gold'),
  (26, 'Platinum'),
  (27, '3x Multi-Platinum'),
  (28, 'Gold'),
  (29, 'Gold'),
  (30, 'Platinum'),
  (32, '3x Multi-Platinum'),
  (33, 'Gold'),
  (53, 'Gold'),
  (63, 'Platinum'),
  (79, 'Gold'),
  (173, 'Platinum'),
  (174, 'Gold'),
  (175, 'Platinum'),
  (176, 'Platinum'),
  (178, '3x Multi-Platinum'),
  (179, '6x PLatinum'),
  (180, 'Platinum'),
  (181, 'Platinum'),
  (182, 'Platinum'),
  (183, 'Platinum'),
  (186, 'Gold'),
  (187, 'Gold'),
  (188, 'Gold'),
  (189, 'Gold'),
  (195, 'Gold'),
  (200, 'Gold'),
  (201, 'Gold'),
  (203, '2x Multi-Platinum'),
  (219, '2x Multi-Platinum'),
  (220, 'Platinum'),
  (221, 'Gold'),
  (252, '6x Multi-Platinum'),
  (253, '9x Multi-Platinum'),
  (254, '3x Multi-Platinum'),
  (255, '5x Multi-Platinum'),
  (256, 'Diamond (10x Multi-Platinum)'),
  (258, 'Gold'),
  (261, 'Platinum'),
  (262, 'Gold'),
  (269, '5x Multi-Platinum'),
  (270, '11x Multi-Platinum'),
  (271, '4x Multi-Platinum'),
  (272, 'Gold'),
  (273, 'Gold'),
  (275, '5x Multi-Platinum'),
  (278, '4x Multi-Platinum'),
  (279, 'Platinum'),
  (280, '6x Multi-Platinum'),
  (282, '2x Multi-Platinum'),
  (291, '3x Multi-Platinum'),
  (292, '4x Multi-Platinum'),
  (297, 'Platinum'),
  (311, '4x Multi-Platinum'),
  (312, 'Platinum'),
  (314, 'Platinum'),
  (320, 'Gold'),
  (321, '3x Multi-Platinum'),
  (330, 'Platinum'),
  (335, 'Platinum'),
  (336, '2x Multi-Platinum'),
  (349, '3x Multi-Platinum'),
  (352, 'Platinum'),
  (353, 'Platinum'),
  (356, '5x Multi-Platinum'),
  (358, '3x Multi-Platinum'),
  (360, 'Platinum'),
  (361, 'Diamond (10x Multi-Platinum)'),
  (369, '3x Multi-Platinum'),
  (370, 'Platinum'),
  (371, 'Platinum'),
  (372, 'Platinum'),
  (375, '8x Multi-Platinum'),
  (376, 'Platinum'),
  (377, '5x Multi-Platinum'),
  (378, '4x Multi-Platinum'),
  (379, 'Platinum'),
  (381, 'Platinum'),
  (386, '2x Multi-Platinum'),
  (394, '4x Multi-Platinum'),
  (400, '8x Multi-Platinum'),
  (405, 'Platinum'),
  (407, 'Platinum'),
  (408, 'Gold'),
  (409, '2x Multi-Platinum'),
  (410, 'Gold'),
  (411, 'Platinum'),
  (412, 'Gold'),
  (413, 'Platinum'),
  (414, 'Gold'),
  (415, 'Platinum'),
  (416, 'Gold'),
  (417, 'Gold'),
  (418, 'Gold'),
  (419, 'Gold'),
  (420, 'Platinum'),
  (422, 'Platinum'),
  (424, 'Gold'),
  (477, 'Platinum'),
  (480, 'Gold'),
  (486, '4x Multi-Platinum'),
  (496, 'Platinum'),
  (500, 'Platinum'),
  (501, '2x Multi-Platinum'),
  (505, '8x Multi-Platinum'),
  (507, '2x Multi-Platinum'),
  (511, 'Gold'),
  (512, '3x Multi-Platinum'),
  (513, 'Platinum'),
  (515, 'Diamond (10x Multi-Platinum)'),
  (524, '2x Multi-Platinum'),
  (525, 'Platinum'),
  (527, '4x Multi-Platinum'),
  (530, 'Platinum'),
  (531, '4x Multi-Platinum'),
  (532, 'Platinum')
;





